subject_id,epoch_idx,label,State_0_FO,State_1_FO,State_2_FO,State_3_FO,State_4_FO,State_5_FO
sub-01,0,0,0.02090257476930285,0.5837244192877993,0.01875845628589088,0.18821338501803966,0.00020555520915666948,0.18819560942981092
sub-01,1,0,0.07636014233409287,0.3237970047490313,0.0322384950683458,0.01664933776559117,0.4821262229390263,0.06882879714391238
sub-01,2,0,0.21611841270993531,0.3818839623611287,0.0334659235990412,0.31437198910472375,0.02530041100009726,0.028859301225074484
sub-01,3,0,0.17892703137810365,0.026279519510720148,0.5229217509408673,0.0012025100681572246,0.24271134412061812,0.02795784398153617
sub-01,4,0,0.009529162223214168,0.008969570592865145,0.26367199884913584,0.3605649776410862,0.0009561043855235511,0.35630818630817235
sub-01,5,0,0.0022571772482182376,0.3982530100631871,0.11410403532017797,0.21031183868950495,0.0007501601566988411,0.2743237785222149
sub-01,6,0,0.019596959331786207,0.0037259810526735194,0.4997166281465555,0.3996153925555612,0.06581262960170889,0.011532409311719014
sub-01,7,0,0.15669470544369038,0.12842050559596327,0.14727055549771093,0.21275720060716627,0.09240928935490374,0.2624477435005676
sub-01,8,0,0.28621305294579463,0.47981357237084044,0.013983566064307581,0.0969124966819241,0.07195882876433156,0.0511184831728062
sub-01,9,0,0.00352534158446673,0.13463121977145573,0.2864214107509686,0.22457981387472398,0.3472199589769371,0.0036222550414440487
sub-01,10,0,0.19303790943186655,0.47937406110364933,0.29009906616838593,1.9411692079007665e-06,0.03738811105549289,9.89110713999558e-05
sub-01,11,1,0.00041964894483030666,0.42580752589134774,0.0027703669008231923,0.4860407826543306,0.06899321333634384,0.015968462272322573
sub-01,12,0,0.2193616765354687,0.22439439854639737,0.19448761895625508,0.23344980027437764,0.07522874891600925,0.053077756771494865
sub-01,13,0,0.1565194574207179,0.05450635721537532,0.4823827887617664,0.005852167713554554,0.295061559751893,0.005677669136695178
sub-01,14,0,0.00019388946640187032,0.40183565695386186,0.07127741519673172,0.16327445024844647,0.2725084258193331,0.09091016231522472
sub-01,15,1,0.43467883957089226,0.15522184114319593,0.3044276515177744,1.4813783538008017e-05,0.07741138578958853,0.028245468195011496
sub-01,16,0,0.014243872620836465,0.3570181025976548,0.004174807403670516,0.08947799711974729,0.04384165541158194,0.49124356484651
sub-01,18,0,0.00026273993740551325,0.04723107322165367,0.37793356719845494,0.24567535014112038,0.3260087469557106,0.0028885225456506776
sub-01,19,0,0.08674429408233253,0.11306060679161736,0.09502756536510397,0.02473350846851473,0.11042223852557433,0.5700117867668584
sub-01,20,1,0.0007281671742719357,0.00840963414958143,0.0042866343409017765,0.42884621399362155,0.4946012995924354,0.06312805074919167
sub-01,21,0,0.013439601324807052,0.14852456212243462,0.2897961300209754,0.1583847996748069,0.002126589583265826,0.3877283172737087
sub-01,22,0,0.1788333415737715,0.07604493193725324,0.10313072891437391,0.0003379610112368042,0.5687129290583586,0.07294010750500754
sub-01,23,0,3.189151573527792e-05,0.3768277705894557,0.06495298343505215,0.5358990989985423,0.008510980512284824,0.013777274948928489
sub-01,24,0,5.18865152438016e-07,0.05832387764669339,0.0014198099296146027,0.6830842991615144,5.6068520766494115e-05,0.2571154258762572
sub-01,25,0,0.0082029163666101,0.0037684246578461233,0.7663405988363907,0.06789254176691902,0.11600170712935974,0.03779381124287371
sub-01,27,0,0.06836345585692434,9.896744231862932e-05,0.5104649670728489,0.030452606362400627,0.38827083111886623,0.00234917214664396
sub-01,28,0,0.10648803336600313,0.45112146706563927,0.010240690481806302,0.14468061866859308,0.2800935047911226,0.007375685626836464
sub-01,30,0,0.25684201809553897,0.1701555572783572,0.2772958992277478,0.2278088501217796,0.00550776321272271,0.06238991206385331
sub-01,31,0,0.03769440853251784,0.11736522718697248,0.059068185643190343,0.3231956473918312,0.27131136721203464,0.19136516403345136
sub-01,32,0,0.004745934503485749,0.00017877304840735063,0.6149805764843254,0.16263938064482114,0.020170185067302587,0.19728515025165302
sub-01,33,0,0.018508085992577035,0.020790674774808813,0.3739635971790604,0.06422812881339046,0.24548764318962712,0.27702187005053724
sub-01,34,0,3.970320811837732e-05,0.013538848632622738,0.001876269869857114,0.7226808288490495,0.22344229756462647,0.03842205187572118
sub-01,35,0,0.00208524430578733,0.08904140666398368,0.00022651163982511787,0.5167421628265059,0.014301191066717279,0.3776034834971818
sub-01,36,0,0.00022483463865988714,0.210322822380871,0.08948925361413908,0.43563360344045765,0.007908166081486282,0.2564213198443879
sub-01,37,0,0.3878032636397574,0.016388408104601387,0.0012597708890673893,0.555030479863086,0.010480950148102165,0.029037127355384173
sub-01,38,0,0.0016395334141196163,0.22807732473720088,0.4320091824246134,0.13176542631334656,0.03610009402884968,0.17040843908187223
sub-01,39,0,0.1059553251860696,0.10368150779366629,0.27239359935528507,0.0004949783672049014,0.4927117628229016,0.024762826474873247
sub-01,40,1,0.2784811287464948,0.005043811848782657,0.21113993109812892,8.091682452174368e-05,0.3943275122526117,0.11092669922946374
sub-01,41,0,7.5236601256742e-05,0.0033177985072885344,0.14659105338639114,0.7018846156196347,0.0022153700670555225,0.1459159258183684
sub-01,42,0,0.30932586892779285,0.028135571603878966,0.413124733815489,0.0012508626912144873,0.22313239295854273,0.02503057000308327
sub-01,43,0,0.0034875589204069564,0.08166968165728472,0.041166727136919816,0.2544628100259537,0.0029076830287011173,0.6163055392307334
sub-01,44,0,0.5899928299163991,0.1633776281995109,0.0013948466242316002,0.06535147099637416,0.1751099732867206,0.00477325097676272
sub-01,45,0,0.021620138801685913,0.017033903816263816,0.0426708588135015,0.15789513015535078,0.36270944200004934,0.3980705264131481
sub-01,46,0,0.0020819029583164232,0.2476800880105239,0.15218601692552403,0.573519981840814,0.011481343207510231,0.013050667057309348
sub-01,47,0,0.4813317612635491,0.30334735275439584,0.03784438238629112,0.15564206101221012,0.00022112957040568208,0.02161331301315341
sub-01,48,0,0.0024019503621072057,0.6505140557521939,0.020836931616155543,0.004343240275626175,0.07145931250514057,0.2504445094887709
sub-01,49,0,0.016619046476883823,0.8121566994581653,3.3806081530593856e-06,0.015164400195732277,0.050362415002256765,0.10569405825880988
sub-01,50,0,0.17101068699244917,0.5850321570348811,0.19190882962741668,3.463248806607374e-05,0.050777771618047356,0.0012359222391342209
sub-01,51,0,0.09844186990281971,0.3016813546906875,0.05272723227002027,0.05110211335413506,0.41235379701201946,0.08369363277032614
sub-01,52,0,0.02603211586283503,0.3729561426364544,0.2009337650349436,0.387258001338959,0.0005863854764671722,0.012233589650344278
sub-01,53,0,0.39479024443343974,0.20990980214382043,0.0029570423497673267,0.20022689430896146,0.021062993855094463,0.17105302290891872
sub-01,54,0,0.016312413534371822,0.33813692672665374,0.12674295407434757,0.008646469328594978,0.23667894174085125,0.2734822945951794
sub-01,55,0,0.4903348693594607,0.10994272151077762,0.12022234536878142,0.01671674146001986,0.2626448730404713,0.00013844926048797615
sub-01,56,0,0.06315920543549107,0.3332425171277356,0.013586230980174245,0.04582437646478673,0.09779732956280121,0.4463903404290106
sub-01,57,0,0.03649012443405378,0.5571613205015431,0.09206476981571392,0.008887240324762125,0.06213877044044243,0.243257774483488
sub-01,58,0,0.33578326701609146,0.03541965635972483,0.0031617295242618608,0.0062665493403497976,0.3888483460100351,0.23052045174953878
sub-01,59,0,0.013707989090522059,0.018056037875739856,0.45595888682255775,0.014153780113544727,0.49772599755651203,0.00039730854112235024
sub-01,60,0,0.04391860106359084,0.7627591680901423,2.81817516792418e-05,0.002109433469211618,0.1062717589706861,0.08491285665468916
sub-01,61,0,0.03625261408922495,0.38553129001123027,0.02738251518323061,0.44120689411567465,0.0018853152911030334,0.10774137130953758
sub-01,62,0,0.38070751129290803,0.45489623027817855,0.031545812981313925,6.483185129168479e-07,0.003045774750236177,0.12980402237885189
sub-01,64,0,0.44650778216224757,0.04253406911174235,0.0013079353419378785,0.003987262214854415,0.4850020983731027,0.020660852796113134
sub-01,65,0,0.02131104708559982,0.12753594284099687,0.04600482730966674,0.12429846323861479,0.4701603300661796,0.21068938945893934
sub-01,66,0,0.0007804328523840738,0.2783010181956209,0.2911266875909983,0.37273571991687493,0.05419403451245086,0.002862106931672876
sub-01,67,1,2.3661724668122418e-05,0.011991734066613979,0.08441727609508695,0.5234989970704227,0.32814021218393236,0.05192811885927537
sub-01,68,0,0.12013125476774147,0.7643231555491384,0.0001895753164532233,0.00011237589758048912,0.095900131842431,0.01934350662665254
sub-01,69,0,0.13617063318716158,0.13144976794038477,0.5240047207135097,0.0001613654006811523,0.20058101684827734,0.007632495909981729
sub-01,71,0,0.006209399975568344,0.07464967990417463,0.05268646015462244,0.13237143849712535,0.6240935042741255,0.10998951719438207
sub-01,72,0,0.6796299353200674,0.06806757661960355,0.2191224287056148,3.0696219269084876e-05,0.02382384585586398,0.0093255172795824
sub-01,73,0,3.6899103965377736e-05,0.023096599050996498,0.4437361812261743,0.46433882961086886,0.058490470204877985,0.010301020803115733
sub-01,74,0,0.001883551660118396,0.025531323556982434,0.012354277769749414,0.3330477649366507,0.5303079349231387,0.09687514715335663
sub-01,75,0,0.22403824841852313,0.35595418535599843,0.10504520968991415,0.1704437025747417,0.017244128746397587,0.1272745252144244
sub-01,76,0,0.15656030886510097,0.1746864125889546,0.12936821333422738,0.04246309881446477,0.02794113554962442,0.4689808308476245
sub-02,1,0,2.323143832841706e-07,0.004280384829217457,0.20919332420816028,0.7603721893315578,0.004682240488587736,0.0214716288280935
sub-02,2,1,0.1069520369530838,0.3910620364033953,0.3041372162915115,0.025990033898042615,0.14148162013561,0.0303770563183527
sub-02,3,0,0.5289229847072511,0.0035410721107085896,0.08515056028735546,0.03444045619324051,0.3050361922097321,0.042908734491709205
sub-02,4,0,3.3222191839989764e-05,0.10625107441977162,0.5658107474534229,0.2703618666729584,0.050634531581717046,0.006908557680289152
sub-02,5,1,0.39858353253632084,0.0032949594399994805,0.0024547983679205107,0.034221285778025176,0.0009438779423205081,0.5605015459354096
sub-02,6,0,0.16685333764410915,0.6642085560313683,6.610749201003696e-05,0.023459632693252287,0.13521072885281094,0.010201637286449397
sub-02,7,0,0.00047192544647677216,0.0364380570310105,0.2408362565948115,0.34256724373778746,0.20387326345710355,0.17581325373281043
sub-02,8,0,0.01580441689832269,0.16619915789049702,0.10288597261413321,0.17486021187042144,0.002371511403046544,0.5378787293235794
sub-02,10,1,0.07730406680646813,0.21522697715889255,0.2026186377086017,0.1578582302719894,0.10382605611354496,0.2431660319405031
sub-02,11,0,0.3688238990578075,0.17371444011721396,0.003080317757940846,0.017087657375201373,0.10392350653091209,0.33337017916092965
sub-02,12,0,0.030188715842489888,0.2591811291288453,0.022648720070392613,0.2129854397596303,0.4582295850006728,0.016766410197973106
sub-02,15,1,0.5168699554021564,0.011021230487388952,0.017973650562858372,0.00030829492255981215,0.4519668966820111,0.0018599719430260214
sub-02,16,0,0.06964502810446287,0.08033338619159151,0.07792795292873528,0.21119714786002958,0.40280705116189364,0.15808943375328827
sub-02,17,0,0.32280132620292173,0.23555328841437242,0.021421974252888377,0.0014961631527609107,0.4106252867112651,0.008101961265796126
sub-02,18,0,0.4256350682243426,0.05413511312125409,0.1550490831826011,2.211020799256302e-05,0.3598264252907236,0.0053321999730822295
sub-02,19,0,0.00015062066799672978,0.0588143676319145,0.458012917194201,0.15498109062969204,0.0009734606576820645,0.32706754321851367
sub-02,20,0,0.004904573556725392,0.05328085557679563,0.19423873413318007,0.057916933022571955,0.08943045942257505,0.6002284442881507
sub-02,21,0,0.017058020776494244,0.06581828441021315,0.06483513147434242,0.011909003896698776,0.3655715341728517,0.4748080252694038
sub-02,22,1,0.24191001189313235,0.0005255586815881689,0.405060820014036,0.010299130841418098,0.1320074275136144,0.2101970510562089
sub-02,23,0,0.2641398579786026,0.3318587796311343,0.3022689627749599,0.09353582468431612,0.006797342805633505,0.0013992321253519732
sub-02,24,0,0.7812489676355,0.015683176652184768,0.07244834716496745,9.216432401963054e-06,0.12954153021421289,0.0010687619007308956
sub-02,25,0,6.92326153252205e-05,0.016428814459066066,0.005543461197229681,0.6413639166819859,0.13420701130161655,0.20238756374477515
sub-02,26,1,0.399164130710855,0.028265152298891077,0.05379187554484756,0.13746933822296925,0.36054783952978403,0.020761663692652105
sub-02,27,0,0.07543884338606673,0.34594789365825684,0.3165895511861949,0.003455499821940262,0.19712686839083882,0.06144134355670415
sub-02,28,0,0.013078074720216595,0.17817363393861355,0.424709430223127,0.03083535063127815,0.33513945770197173,0.018064052784791406
sub-02,29,0,0.0021024400337974172,0.3346923110761252,6.035051044211752e-05,0.15029123847291323,0.4554729157849059,0.05738074412181829
sub-02,30,1,0.00028114023269749976,0.3962023413824041,0.26257497921980205,0.20162390467261385,0.13013130608142762,0.009186328411053608
sub-02,32,1,0.0009166711583188666,0.08378267741686998,0.36866785572230854,0.15956607098585965,0.02236209400218065,0.36470463071446557
sub-02,33,0,0.516999093243872,0.0026510074098469627,0.02243045301036906,0.00013674449450812288,0.09717719832398039,0.3606055035174211
sub-02,34,0,0.0005046782239946605,0.3306459271766444,0.0063923192421507635,0.334995634712162,0.12368341878476574,0.2037780218602811
sub-02,36,0,0.35865584925484223,0.017790937967509732,0.0346702449726837,0.026115300764285466,0.2516345687120904,0.31113309832859215
sub-02,37,1,0.15694291519773323,0.22489299018038894,0.24004766091303403,0.1308395890472657,0.009360774577261786,0.23791607008431878
sub-02,38,0,0.12403738783242209,0.26735344710769404,0.20607104713700794,0.05193401393309843,0.1322062720034452,0.2183978319863343
sub-02,39,0,0.17801321098864772,0.16776260196026255,0.0551635625013987,0.00034271411007225837,0.4010529606316013,0.19766494980801497
sub-02,40,0,0.028403668070647987,1.5826249336304452e-05,0.0848258189262016,0.43220013623214,0.18587316523387523,0.26868138528779706
sub-02,41,0,0.002573988179730367,0.06109793294225701,0.0035750329836009955,0.23364968556150675,0.5001237946258258,0.198979565707075
sub-02,42,0,0.1552411723382367,0.029044967178468006,0.04626419348051195,0.0005039664254138058,0.5422615327097972,0.22668416786757653
sub-02,43,0,0.35685684354019315,0.03536965730517183,0.008987679327216738,0.1931620143834459,0.35359805043027925,0.052025755013696544
sub-02,44,0,0.395172903655611,0.08412390889043304,0.06267053335388724,0.0016468797650130795,0.017293081240667495,0.43909269309438903
sub-02,45,0,0.057525387683500045,0.3483400390158089,0.07830378967442587,0.4546482008639699,0.01859748537516876,0.04258509738712463
sub-02,46,1,6.0868370728831965e-05,0.028962374461835902,0.36489291573705174,0.27236458289028326,0.0009891223291511363,0.33273013621095116
sub-02,47,1,0.00047896792942275253,0.15320501527153632,0.05344557924611958,0.0738401033172012,0.035842713672271743,0.6831876205634434
sub-02,48,0,7.556259006858004e-05,0.03915417604487147,0.06363095054059173,0.45910090533887904,0.435938129201588,0.0021002762840001362
sub-03,0,1,0.21076392349965448,0.002580054914139579,0.4611865993021261,0.00068897494771855,0.3094970112591205,0.015283436077238966
sub-03,1,0,0.021661553092134318,0.3192740581626366,0.16960974713407423,0.009640704511452656,0.05776157067036517,0.4220523664293377
sub-03,3,0,0.00020168025923535362,0.5961548572405497,0.0003676160784015148,0.033133636384720146,0.006106979124380574,0.3640352309127173
sub-03,4,0,0.05809356494624647,0.35090711321309015,0.4767783787212064,0.002094150607221688,0.001244501723115672,0.11088229078912522
sub-03,5,0,0.1272008775460591,0.14933886002866098,0.018971505831805003,0.004297840911595749,0.060621426816805254,0.639569488865074
sub-03,6,0,0.010866783751111461,0.027754642172575988,0.02087999869764399,0.20602799463138594,0.20382449839978278,0.5306460823474956
sub-03,7,0,0.33864046456076924,0.006222801111205533,0.025172688387824337,0.0016876979509736132,0.33369811347503253,0.2945782345141908
sub-03,8,1,0.34203782628289087,0.12022069229094587,0.018525184294078022,0.2976065781412506,0.11306876594018313,0.10854095305064958
sub-03,9,0,0.39224688020034243,0.004880938355439071,0.0007097420529002195,0.5946597730675467,0.004651012033691467,0.0028516542900788753
sub-03,10,1,0.20431397168210022,0.006816345988838193,0.0008189883156527351,0.16804374885689718,0.500636738422571,0.11937020673393836
sub-03,11,0,0.001150046881494979,0.580227100615049,0.019841068288133368,0.008502445596135428,0.014406803106707748,0.37587253551248156
sub-03,12,0,0.06886174793997071,0.020575247768541808,0.06682383458387048,0.2544969666294431,0.0023803212624517595,0.5868618818157162
sub-03,13,0,0.274335204584989,0.14126475450030018,0.0008711987031943242,0.12117468793561452,0.07041138397272849,0.39194277030317703
sub-03,14,1,0.294049600211233,0.22060119152234428,0.01384894031588305,8.062036379265852e-05,0.003938053329831197,0.4674815942569158
sub-03,15,0,0.458743726547672,0.05254431323527867,0.3133897675990547,6.411737621314954e-05,0.0762830637624701,0.09897501147930927
sub-03,17,0,0.04080939130453519,0.0005456072184944439,0.022583454075477228,0.376131696272514,0.06370929926058531,0.4962205518683961
sub-03,19,0,0.007179315425098265,0.9448125655930056,0.020734581587141043,0.0008445984244299952,0.011751798454513435,0.014677140515810575
sub-03,20,0,0.4391466954347104,0.39831926284842667,0.004411725673711285,8.153104806926216e-06,0.04623195440348437,0.11188220853486198
sub-03,21,0,0.013764138911467985,0.3137013751555727,0.5713748640063313,0.0820684218680193,0.006195653324580998,0.012895546734025905
sub-03,22,0,0.2211766003002381,0.001458768162903734,0.1018189869896066,0.03678517163606679,0.15405695682621415,0.4847035160849697
sub-03,24,0,0.14750866516362712,0.5345330362700321,0.0008183758327977797,0.0007063727838100743,0.004520706344309379,0.3119128436054243
sub-03,25,0,0.23744810929198376,0.0004919849692454502,0.0016986118538834995,0.005997081101228855,0.10214568003446274,0.6522185327491972
sub-03,26,0,0.5709198048145653,0.04874323645847606,0.018314030412993534,5.734246729246923e-05,0.06476202716516863,0.29720355868150106
sub-03,28,0,0.006232009882771653,0.4260081918161579,0.0004854214052014939,0.0076448688407414,0.3411990533817939,0.2184304546733342
sub-03,29,0,6.6468332093604906e-06,0.39567876389325296,0.33826721378039726,0.23725255368834972,0.0014269641210727464,0.027367857683724416
sub-03,30,0,0.01496816289536808,0.384211232276438,0.5575875425402362,0.03455314384639372,0.0008163281663827673,0.007863590275179915
sub-03,32,1,0.39483590190976253,0.4603152099747479,0.04175699600456173,0.000998500223734448,0.06944008597290942,0.03265330591428732
sub-03,33,0,0.24486828920258538,0.07952301895050919,0.01337433462804836,0.315191632623621,0.09663441670152403,0.2504083078937152
sub-03,34,1,0.40164868318720404,0.029865177685398946,0.0071076649105618886,0.23219841625440282,0.3259648967931404,0.0032151611692865082
sub-03,35,0,0.009885013436101667,0.08824411953757214,0.008406005059374383,0.028258016501122397,0.3695546476185633,0.49565219784726466
sub-03,36,0,0.0007017370184466277,0.2838179110367305,5.4885446985315576e-05,0.10039062336102114,0.08052081511289215,0.5345140280239243
sub-03,37,0,0.034744963100393794,0.2644751105051634,0.006894560655231503,0.5414643243379553,0.009124869539063937,0.14329617186218985
sub-03,38,0,0.14547819129653403,0.39908121596554047,0.0344719838931589,0.00011511990529121075,0.4192787775621194,0.0015747113773562811
sub-03,39,0,0.0002631456744958464,0.48487022634119636,0.0029528154799567997,0.033356248637946895,0.37067117462216936,0.10788638924422898
sub-03,41,0,3.6412524280800793e-07,0.43648276623577037,0.24083802568996301,0.30159775829706514,0.003299987586362301,0.017781098065597245
sub-03,42,0,0.1660611469386778,0.40422512782441977,0.045142490082798636,0.007770787903136391,0.32792453567351043,0.0488759115774584
sub-03,43,0,0.27413053475944604,0.013151899659513439,0.19987565553187422,0.00022501451048462546,0.44718135548632176,0.06543554005235847
sub-03,44,0,6.537771762476539e-07,0.00017874946325974151,0.011184297733154892,0.7263038037532217,0.07760535681901248,0.18472713845417604
sub-03,45,0,0.11197354696448139,0.5248721581733291,0.0206764821116315,0.002222661437709158,0.1991231563951272,0.1411319949177244
sub-03,46,1,0.39828529725897305,0.19759213281911062,0.001832610122570744,0.19083054202645475,0.002414918690683009,0.20904449908220904
sub-03,47,0,0.008117760472598145,0.33984469442501436,0.007086028815899838,0.01055116790051676,0.4845288123435175,0.1498715360424515
sub-03,48,0,0.12172543451822074,0.03477818644632099,0.35191572905325036,0.24308191354694952,0.14305409032559335,0.1054446461096614
sub-03,49,0,0.5964252444851296,0.1767329324656321,0.08190501348779289,3.1192131459421237e-06,0.1449222409230786,1.1449425224869168e-05
sub-03,50,1,0.349741627125885,0.0705711405910315,0.012075925265111372,0.11409305644056411,0.43232638013469143,0.021191870442715737
sub-03,51,0,0.007243429490713308,0.2111476256636881,0.0006643684125067846,0.17030051297725665,0.0016598699688839791,0.608984193486951
sub-03,52,0,0.002304722296809135,0.03500784183589368,0.6077797331377018,0.27992750011403544,0.0037649470198945776,0.07121525559566393
sub-03,54,0,0.05816314904709703,0.07316481916544658,0.3088819031953923,0.019291003423845016,0.22394006458892776,0.31655906057928906
sub-03,55,0,0.014436559258061386,0.35558287749140066,0.00701330280034435,0.018124457845778784,0.5333163238345764,0.07152647876983709
sub-03,56,0,0.4922412494510847,0.04557562703212021,0.00913600018004069,0.19515481582629982,0.0734545515482375,0.18443775596221684
sub-03,57,0,0.13713706858545718,0.002663203049371012,0.21286632206898395,0.0001438387248294495,0.18249092990681026,0.4646986376645482
sub-03,58,1,0.3352821395795517,0.003986345250288089,0.23158856152727647,0.013990673429600814,0.4059448567261696,0.009207423487113148
sub-03,59,0,0.013357923036953696,0.1515025438960379,0.0030562671175243658,0.06414209996827618,0.3485963143592287,0.4193448516219753
sub-03,60,0,0.06876588574331553,0.1202399769388272,0.2313651065767585,0.1836211603724329,0.08057527152898405,0.31543259883968056
sub-03,61,1,0.02111116930867888,0.08279800194715078,0.20977143444981522,0.004588069784768542,0.021295716986433576,0.6604356075231559
sub-03,62,0,0.000122770357332182,0.5718311511619877,0.23052777102753472,0.1629921552803043,0.014758601173552934,0.01976755099929091
sub-03,63,0,0.48319484365684834,0.11699716701715726,0.2231113063321749,3.695513643879426e-05,0.16411745374959857,0.01254227410778383
sub-03,64,0,0.0017286344925706463,0.008373100486192084,0.006486620255365363,0.4935733134447459,0.00017605005262641624,0.4896622812685016
sub-03,65,1,0.39493640749496234,0.008845057125417565,0.04841888434735438,0.054581973005158574,0.45568171372147115,0.037535964305636424
sub-03,66,0,0.0031342637316250487,0.07288044748129956,0.46022944639285257,0.10359789145840424,0.35875777868458775,0.0014001722512294794
sub-03,67,0,0.4042658278528165,0.009340990128123245,0.1207124891783745,0.20967257895724098,0.20881619329271053,0.04719192059073403
sub-03,69,0,2.393099464799751e-05,0.004273857211843284,0.1661560070445506,0.4043778738843112,0.0028241702086871517,0.42234416065596153
sub-03,71,0,0.22368197240526871,0.14781905364361958,0.12698824490079264,0.011532943922187597,0.1594715829594079,0.33050620216872384
sub-03,72,0,0.43491843500938765,0.03541066196768899,0.03568683268119768,6.962149297418772e-05,0.0019084765744158626,0.49200597227433257
sub-03,73,0,0.0030083210970413272,0.028591995398126163,0.016903059246451684,0.10126905058169847,0.09572759460334163,0.7544999790733424
sub-03,75,0,0.15894263733013828,0.22239780492217684,0.005882196510435795,0.000313517447168299,0.005318957335380674,0.6071448864547002
sub-03,76,0,0.18668117587570188,0.03735778568266354,0.036938932573920155,0.00011064540265370982,0.370727927606785,0.3681835328582747
sub-03,77,0,0.00043557952053613173,0.0717563542150085,0.05218232731373676,0.4087054495223027,0.17835109137030453,0.2885691980581108
sub-03,79,0,0.3720402738715191,0.22812088802872008,0.12118067384489788,0.0742280864994057,0.11970722836657097,0.08472284938888572
sub-03,80,0,0.005351407963201623,0.15034410544993948,0.0003627273623402631,0.05062394365193495,0.2140978699324232,0.5792199456401608
sub-03,82,0,0.36469862539363385,0.12497908460661056,0.010610363804752249,0.05462276869687633,0.3078397803187801,0.13724937717934904
sub-03,83,1,0.4543559901340963,0.00012544818765471803,0.2285654123991257,0.00015114844971306324,0.27467215702497666,0.042129843804435914
sub-03,84,0,0.5377219436196092,0.39956036906399167,0.03614747613680892,0.0002092443642980175,0.0005848410370930478,0.025776125778200928
sub-03,85,1,0.41059104594244866,0.08217275803827784,0.3702216176364488,0.00044844158898091666,0.1047308135641518,0.03183532322969541
sub-03,86,0,0.03657433347894645,0.2797249255528171,0.0035302347140002263,0.0284592270045183,0.025011555666054237,0.6266997235836609
sub-03,87,0,0.01877029063028236,0.399527526702548,0.12173206656672869,0.0012854325404849157,0.005579933318698498,0.4531047502412543
sub-03,88,0,0.4054988912740284,0.20875967770808387,0.29786292035951945,2.8284269596810702e-05,0.031477802205870126,0.05637242418290376
sub-03,90,0,0.24156144096361915,0.16444563599714473,0.003556501735494455,0.016326295610692043,0.5731732712651034,0.0009368544279436282
sub-03,91,1,0.39905485455423906,0.11275867389981747,0.0006849092783169723,0.4407239175982853,0.04407986252371636,0.002697782145624174
sub-03,92,0,0.14651225302754362,0.06693624152624586,0.16357517649315645,0.00950378460584136,0.04748887520535879,0.5659836691418568
sub-03,93,0,0.38459241170966874,0.020945886142812384,0.0066132230906406275,0.1891577061751159,0.39178239415807053,0.00690837872369343
sub-03,94,0,0.13284455072773863,0.13899476435678138,0.4258923229886391,0.0022577137381791586,0.2536620513362182,0.04634859685244154
sub-03,95,1,0.24518595499993104,0.06299669000919424,0.014382703198376492,0.4791397774939479,0.19781057129612156,0.00048430300242753685
sub-03,97,0,0.3384863339338737,0.006467693503763172,0.026457095378012562,0.21812680576459484,0.3903823721124569,0.020079699307298592
sub-03,98,0,0.01439036543617823,0.13596034356191677,0.12612493766077848,0.0377320293438729,0.007937133330583919,0.6778551906666738
sub-03,99,1,0.40244211906117744,0.13199655861192577,0.0934708233398899,0.2864622589319388,0.04360280207792744,0.04202543797714147
sub-03,100,0,0.09958436927737055,0.3310347282303671,0.1303528718361316,0.007595504440919406,0.36466801643116564,0.06676450978404737
sub-03,101,1,0.39809593775800356,0.0021771006806470855,0.2053755041296592,0.3556309485512941,0.029625219839887463,0.009095289040512105
sub-03,102,0,0.038999487833732596,0.03589119191115061,0.013726578152141428,0.004690813127870706,0.3657574379546015,0.5409344910205067
sub-03,103,1,0.43306020175955384,0.00044024727219611385,0.01267385824840195,0.02358964419791543,0.38976569030381497,0.1404703582181215
sub-03,104,0,0.45456764478509526,0.43874760744298597,0.0016553296473912397,8.25815289864581e-06,0.00539942735065056,0.09962173262097565
sub-03,106,0,0.21563002152667674,0.3827964316299578,0.281362299536956,0.0012260579066350676,0.0074603187961619685,0.11152487060361115
sub-03,107,0,0.005456184124090374,0.4219948632511561,0.0007476273460763986,0.008053142121911583,0.30652783317505605,0.25722034998171034
sub-03,108,0,0.0072175815386968075,0.3035474754566483,0.013481765779462784,0.021200375602492227,0.22792397611547538,0.4266288255072289
sub-03,109,0,0.00025877805079484146,0.001370141950855993,0.5016731763328163,0.09675538018832171,0.0020293490826392116,0.397913174394571
sub-03,111,0,8.50446346082959e-05,0.004943524177120007,0.38011609631181104,0.500262467432498,0.06222563923306227,0.05236722821090478
sub-03,113,0,0.3978331521630495,0.024161528232412893,0.08402651930244522,0.00011614865729186141,0.49299631095799473,0.0008663406868057566
sub-03,114,0,0.09415381460776821,0.019189962786733808,0.14416593434033723,0.023843450624786357,0.18224054499538309,0.5364062926449903
sub-03,116,0,0.3217783703447288,0.00041752401260922563,0.054227521039841145,0.5895570134322684,0.024688999681900855,0.009330571488654215
sub-03,117,1,0.3968316714033713,0.034932731269149496,0.00011086714957268132,0.3948521936084308,0.16030341243601726,0.0129691241334565
sub-03,118,0,0.13145940728604932,0.07422266291418832,0.0007990502880613041,0.10354899124508773,0.06754271534172356,0.6224271729248912
sub-03,119,1,0.1948554527330002,0.07589398469217008,0.011450005201331697,0.4122254036330359,0.22310915039898566,0.08246600334147529
sub-03,120,0,0.0010241968849276964,0.3412690749942511,0.3999015183506895,0.09986459771430826,0.062410936187185455,0.09552967586863959
sub-03,121,0,0.01401134484399946,0.03306952473581637,0.0614265734151848,0.1635028857826973,0.2504062476013031,0.4775834236209999
sub-03,122,0,0.03698570047576768,0.07714021163059923,0.008651535435575352,0.399110340304379,0.39319006567260767,0.08492214648107177
sub-03,123,0,0.00019681217068673792,0.0008132921542121261,0.04847883720587084,0.351534577859009,0.10073259920542015,0.4982438814047958
sub-03,124,0,0.1803703006440824,0.1187865978756562,0.3662398113815021,0.012411358811916899,0.12258414665403551,0.19960778463281012
sub-03,125,0,0.5820501620290751,0.003797971857086505,0.3978725189466436,4.137594496215973e-05,0.006616524439650542,0.00962144678258151
sub-03,126,0,0.0007492686748709071,0.00013313430676091493,0.6499151307091203,0.014835505566662435,0.27203552748707144,0.062331433255517155
sub-03,127,0,0.3225253309100635,0.0028405824517260063,0.031514210677823805,0.2556731655145415,0.08118039806467481,0.3062663123811696
sub-03,128,1,0.3240390243545173,0.07470354909010128,0.43950744879910536,0.0021509282523273316,0.15356672331959512,0.006032326184350242
sub-03,129,0,0.3594553474628232,0.039999626607716846,0.14017888757185987,0.4482289023266641,0.0004140904497564936,0.011723145581180998
sub-03,130,0,0.07606572631091937,0.04071671841652791,0.015016163062981347,0.0029561920042641284,0.29886004199546623,0.5663851582098406
sub-03,131,0,0.01943642932350761,0.00491027498206166,0.3471894268752204,0.013260041487579458,0.4861937626092613,0.12901006472236964
sub-03,133,0,0.002714965824641115,0.12481343013419241,0.0030877050339287726,0.013460444872717208,0.5698010901366687,0.28612236399785157
sub-03,135,1,0.02956391077273884,0.0013161772585668263,0.5530019902300506,0.002765531796717037,0.3990248034562433,0.014327586485681243
sub-03,137,0,0.36004273857602426,0.23689342997858348,2.5081328402017144e-06,0.32395269527788534,0.021160050140418607,0.05794857789424589
sub-03,138,0,0.004952052023800364,0.37582248621976194,0.24688265755318015,0.006671252938069537,0.34110808934434356,0.024563461920842238
sub-03,139,1,0.7704234279759685,0.017659405859997535,0.09428134487411288,9.876358068657364e-06,0.021175526290596627,0.09645041864125736
sub-03,140,0,0.0013239919997970783,0.008244901016893803,0.2478112271560232,0.06843002777863405,0.5604439581480315,0.11374589390062324
sub-03,141,1,0.05180803357837792,0.01165371048555659,0.5677861380657793,0.015683368899788077,0.016332832882420375,0.3367359160880777
sub-03,142,1,0.39213981773885687,0.21758435990760697,0.11794336149972008,0.0003306433896460782,0.26928063938473507,0.002721178079439247
sub-03,143,0,0.005988304947481793,0.10415463785620337,0.00028378608160732654,0.5736284549512078,0.2075711503503208,0.10837366581317753
sub-03,144,0,0.13874933752043458,0.007870283836935332,0.13504207268036428,0.1621172580690678,0.2093028327481179,0.34691821514507604
sub-03,145,0,0.000227815028115701,0.025305251228164634,0.23527201186976235,0.4507917531518873,0.01425693157770321,0.2741462371443628
sub-03,147,0,0.007643077928650597,0.39718046167398513,0.018685866751768355,0.006523284710555214,0.1358240036831185,0.43414330525192596
sub-03,148,0,0.27654538334211276,0.009045620789075158,0.13404050287021288,0.0008467403359240794,0.45592516272790745,0.12359658993476781
sub-03,149,0,0.20929549954919513,7.257297013492046e-06,0.6437561863304224,0.06303808344673885,0.06058271843775857,0.023320254938869623
sub-03,150,1,0.14680942750425277,0.006053370158589508,0.23609648304404607,0.0017506511664661757,0.5426774987057557,0.06661256942089329
sub-03,151,0,0.3026042001253422,0.002995169504432383,0.01193099923706256,0.01277222022818986,0.5282667352496409,0.14143067565533288
sub-03,152,0,0.48813612919713306,0.1366385101202164,0.05868295403549156,0.08166865422589761,0.07194146716435698,0.16293228525690362
sub-03,153,0,0.4820651220802618,0.016837858614956562,0.32435520945376156,0.00019171409711307832,0.10458600849247637,0.07196408726143474
sub-03,154,0,0.0003427260138790192,0.3912568023005427,0.00016723651547157148,0.0454791124570128,0.1759432892074781,0.38681083350561635
sub-03,155,1,0.438964518381088,0.000838821325277836,0.42246698525053056,0.013641870078981398,0.029121279499750713,0.09496652546437502
sub-03,156,1,0.40898150913500403,0.0013309871637946303,0.44613026630607566,2.04653946677817e-05,0.04314804951005275,0.10038872249040093
sub-03,157,0,0.12010211910311386,0.5451409322889983,0.2826038243990703,5.4935645867881883e-05,0.048766680993166556,0.003331507569778292
sub-03,158,0,0.010211712797478994,0.08886097392644914,0.38011757657718864,0.0038996911035705643,0.01632781722567006,0.5005822283696423
sub-03,159,0,0.00026879427507906325,0.02439604399130696,0.03773931396768655,0.49200469919743345,0.12061513902662462,0.3249760095418673
sub-03,160,0,0.371306522869006,0.005314960422481825,0.011220958994351707,0.2530870566988588,0.3431346642665,0.015935836748802407
sub-03,162,0,0.3695397293954599,0.35462807759695697,0.0009131310914911785,0.0002015585395532569,0.007906549419779299,0.26681095395676147
sub-03,163,0,0.055780851839583104,0.27917347610175125,0.5947624667082266,0.00014880351951489424,0.07010768005337538,2.6721777547811954e-05
sub-03,164,0,0.02832679685790521,0.0003011222783833565,0.6591580272648951,0.1404082960318974,0.17061340407243097,0.00119235349449027
sub-03,165,0,0.11060700762857402,5.265383952704045e-05,0.25217851458874174,0.383865742711419,0.24325393421291927,0.010042147018825241
sub-03,166,0,0.4606090439782868,0.13282960300897337,0.029933485440318583,0.1076190828413798,0.21477655977466362,0.054232224956377556
sub-03,169,0,0.3700621058438786,0.14882506395744163,0.07218705874457974,0.027996912796935704,0.27662761724225843,0.10430124141490521
sub-03,170,1,0.1947921305728198,0.002681930142860267,0.2806331308196604,0.254989022046458,0.24347100387101145,0.02343278254719063
sub-03,171,0,0.0022199169600706187,0.19233868745225235,0.01367583398714185,0.33216808999502867,0.17522358856108733,0.28437388304441913
sub-03,173,0,0.004163418873671905,0.07143535786858601,0.024107453035485577,0.2410779785485118,0.13834659352470213,0.5208691981490464
sub-03,174,0,0.39556152185697285,0.03877771912022782,0.05218364498838138,0.009621790348947872,0.004295912989365277,0.49955941069610454
sub-03,175,0,0.14562880996074334,0.27129183152250763,0.5707573309212831,0.0007088981311462542,0.011401236080638711,0.00021189338367579833
sub-03,176,1,0.0018548308638158281,0.06562105134222312,0.003061476332486022,0.24156075220346435,0.12363207927209258,0.5642698099859175
sub-03,177,0,0.0006914527242588423,0.4027895500974686,0.44935682912626024,0.0023630178055452805,0.006594512267285154,0.13820463797918234
sub-03,178,1,0.03554478374767578,0.18113861597678715,0.3408184188208295,0.04397135859431739,0.05178155521001867,0.3467452676503718
sub-03,179,1,0.6172077734188169,0.027036625879634936,0.21549970683927497,3.534719659110024e-05,0.12320810770535436,0.01701243896033039
sub-03,180,0,0.18088698128112285,0.30177611723879383,0.016770219850675585,0.0001495728811939534,0.3411096482641513,0.15930746048406177
sub-03,182,0,0.3833811885988594,0.013775127985286835,0.08587481235293087,0.365069963624041,0.005731195094907395,0.1461677123439721
sub-03,184,1,0.10913618926339089,0.5314981742063053,0.26632316286634317,0.06071636196508128,0.008432070149547952,0.02389404154933174
sub-03,185,0,1.4645631469694163e-05,0.3618194294851653,0.20581503144313634,0.3935809287449015,0.0353411279187333,0.0034288367765949253
sub-03,186,0,0.12912470147010835,0.4485850172878469,0.010126903379479238,0.00029206800366895504,0.355718986984799,0.056152322874094746
sub-03,187,0,0.04127405382352367,0.003160821302343044,0.10511678141962413,0.011520620308509756,0.38252533970489316,0.4564023834411018
sub-03,188,0,0.00395374673408672,0.006895965253261234,0.00029430127305365625,0.016779570896166097,0.20748499275599994,0.7645914230874338
sub-03,189,1,0.01995751038793448,0.2687000821706879,0.10918889232054478,0.004907012636039043,0.03843686032169427,0.5588096421630964
sub-03,190,0,0.4505539972007829,0.07515095371341862,0.08043868348810516,4.638078989776873e-05,0.2033105226553548,0.19049946215244312
sub-03,191,1,0.4157225516405495,0.1791706152836983,0.1237772576297115,0.0022567699836475714,0.022761086352450742,0.25631171910994593
sub-03,192,0,0.32881029643115817,0.002164242546245854,0.5683092490145719,0.012645288757843605,0.08718276123638098,0.00088816201380083
sub-03,193,0,0.07573017373758358,0.01356939691984362,0.018325583135722405,0.22681909337073292,0.49594806252021917,0.16960769031589454
sub-03,194,0,4.770006884153494e-05,0.13863827510190777,0.010503443945196986,0.5364019364612017,0.017453553695230876,0.2969550907276206
sub-03,195,0,0.008866370366263497,0.5347512388234437,0.0029613828564401252,0.057875821918569985,0.055941151601713306,0.3396040344335687
sub-03,196,0,0.38881848236076155,0.01128456870416745,0.40073399292209994,0.0390444939106423,0.00351989466159225,0.15659856744073658
sub-03,198,0,0.004784874600485845,0.16079455951150323,0.0008323128530484404,0.5652466214258896,0.24368930499557523,0.024652326613498126
sub-03,199,0,0.05321112477896665,0.08363154650163634,0.15747748194286945,0.004007321826360007,0.19176059834144138,0.5099119266087262
sub-03,200,0,0.2541932595384729,0.009229961633643993,0.010171214583592193,0.002025708063181304,0.21865248627910303,0.5057273699020064
sub-03,201,0,0.24352156508576453,0.294788957340351,0.17974697509527204,0.19187511491298392,0.08259925843806869,0.007468129127559685
sub-03,203,0,0.0037235221955991145,0.3158632940714708,0.4466033605614599,0.07691640092532942,0.08287487821785279,0.07401854402828721
sub-03,204,1,0.02561021809504954,0.00102072445136876,0.3901636472826066,0.03405343206787735,0.543163553297247,0.005988424805848799
sub-03,206,0,0.10308120245860812,0.018590467871805315,0.09372208296880685,0.0524989091927731,0.6403678880998288,0.0917394494081752
sub-03,207,0,0.007333195607811653,0.2669977362915206,0.12195044763296518,0.17154150508376695,0.4245862981011381,0.007590817282797302
sub-03,208,1,0.015571382628758299,0.188469609535642,0.0017589061128976866,0.10841725597884759,0.47142117314389925,0.21436167259995553
sub-03,209,0,0.005948304616586759,0.052700837217830816,0.0009921716056760525,0.11754882942396,0.3154988803463403,0.5073109767896
sub-03,210,0,0.09461209924530109,0.014467261849204181,0.0005447527828442221,0.31704269842327776,0.4720535190192029,0.10127966868017249
sub-03,211,1,0.3231776096032951,0.015310060353492633,0.001276887964661781,0.18747962635505092,0.39561715167802963,0.07713866404547191
sub-03,212,0,0.0013907856019844483,0.05652786561160867,0.1394583586130501,0.1655998079982764,0.23360312809593553,0.40342005407914555
sub-03,213,0,0.050896316344518286,0.03823890662658739,0.03510570190373918,0.23069994288361562,0.11705086733608529,0.5280082649054548
sub-03,214,0,0.0049726852621830185,0.14969630382588647,0.005411256582330166,0.023984423724733122,0.2809239540733839,0.5350113765314817
sub-03,216,0,0.08711619117280003,0.00022869161288128508,0.8554423405242065,0.0001137204523517922,0.041228919450165456,0.015870136787592703
sub-03,217,0,0.000881190418895103,0.0003928529415730283,0.45603048669834584,0.12964827888403052,0.04697962570872919,0.3660675653484266
sub-03,219,1,0.26859086353756956,0.025288371918623577,0.5197786162710287,0.01018449522333832,0.1378336255329628,0.03832402751648102
sub-03,220,0,0.2545094659141353,0.14709962242410193,0.504292710570323,0.0050743907213275305,0.07647361839741813,0.012550191972696079
sub-03,221,0,0.4023039881180372,0.0008718733429729232,0.054574914638356294,0.03902199380502349,0.42802382044182563,0.07520340965378176
sub-03,222,0,0.28551828992284567,0.22137934028384412,0.018813788804744967,0.08321920341687267,0.20280974519580172,0.18825963237588936
sub-03,223,0,0.24403405827450075,0.27512567274398936,0.015597146941265454,0.38277423382598796,0.03485491679678423,0.04761397141747272
sub-03,224,1,0.18108345698957323,0.1923852793066251,0.010841954635824885,1.8847642066428895e-05,0.4976378425896714,0.11803261883623806
sub-03,225,0,0.12161561984089672,0.24084923917889267,0.08662378283244868,0.0023636982070394203,0.051807772500107215,0.496739887440617
sub-03,226,1,0.16819978817702935,0.02578274940585125,0.07415738517078634,0.539308790627127,0.13001918190445924,0.06253210471474982
sub-03,227,0,0.23721373495601833,0.0010412500500467919,0.08464690518117418,0.028504926871592305,0.09516787940287344,0.5534253035382978
sub-03,228,0,0.25828841788080387,0.30357632278155655,0.39931059447244516,4.5447479523137276e-05,0.038187846455129924,0.0005913709305428146
sub-03,229,0,0.46075403373603785,0.0071462667451007615,0.0046920444276329935,0.0011289088896226207,0.21859642617152847,0.307682320030079
sub-03,230,0,0.02812935142000764,0.36857058141436055,0.0009760394908413263,0.017159559181177543,0.02502362480783102,0.5601408436857829
sub-03,232,0,0.0046315001300782045,0.5879894914489006,9.805315863319625e-05,0.18878017951825984,0.0021101929179452006,0.21639058282618312
sub-03,233,0,0.39970837203284426,0.0027937880202089263,0.0018456248052877969,0.4700842287225799,0.00037903166430199454,0.12518895475477926
sub-03,235,0,5.702453429510575e-05,0.022375576882378616,0.004951850925828782,0.5346147999944272,0.000662431216884284,0.4373383164461857
sub-03,236,0,0.29304036318263316,0.31423973433656494,0.02389701871359489,0.16552068427747862,0.07687256361042175,0.12642963587930325
sub-03,237,0,0.0034958804891246273,0.04164892222021406,0.16139767365782823,0.20741048123733477,0.05099122010552051,0.5350558222899755
sub-03,238,1,0.4321584024067136,0.002994245983626486,0.403303492137024,0.010629550591435505,0.1423573098060082,0.008556999075190615
sub-03,239,1,0.28767202487755983,0.08068821334671249,0.2662064285698665,0.03591878430204539,0.19934459184304568,0.13016995706077197
sub-03,240,0,0.047377984739606645,0.33261779932096963,0.05473158861481509,0.49501796224110656,0.06078881751002469,0.00946584757347642
sub-03,241,0,0.044050427009334106,0.004161000118560495,0.045094024905623406,0.26155617160990924,0.5002511002106739,0.1448872761459025
sub-03,243,0,0.0017977855530208044,0.0015440956024211482,0.2047734460522338,0.01825550023834,0.5424213299833551,0.23120784257063184
sub-03,245,0,0.3979418577341103,0.002581527593509082,0.00011929486879368151,0.5920080072085574,0.004331186797148149,0.00301812579788257
sub-03,246,0,0.0023926049973860553,0.006507610934688612,0.3085461441648892,0.09377315856740474,0.34344598567364776,0.24533449566198234
sub-03,247,0,0.013964004569045844,0.2079921430981057,0.4780958949138504,0.01099662595538712,0.08457400522985634,0.20437732623375368
sub-03,248,0,0.30234698970831203,0.37872062002262685,0.008934901671016135,0.0002607849291746334,0.29477325480132466,0.014963448867548194
sub-03,250,0,0.0004356013782494482,0.01552486280764419,0.01131117448203044,0.23798657471871593,0.09591954786068127,0.6388222387526779
sub-03,251,0,0.0175934985542686,0.006237021055140633,0.17273025367662553,0.034484482274611365,0.19218069567271148,0.5767740487666421
sub-03,252,0,0.03424910231549483,0.2065646696302462,0.13851593684398442,0.012962882164224846,0.6010842721710885,0.0066231368749585275
sub-03,254,0,0.011840541750768697,0.02439691937828207,0.1263153829983156,0.0050546846641473546,0.5757345774762596,0.2566578937322233
sub-03,255,0,0.0022413090551908787,0.34285265547097205,0.058364702462982504,0.22976722995822846,0.005189107338909673,0.36158499571371994
sub-03,257,1,0.3863542873837582,0.0012875035493971356,0.012434352916588369,0.14025182981403617,0.4518978329588426,0.007774193377373928
sub-03,258,0,0.14364490830195156,0.1841246624120159,0.4197432026092487,0.03796946866524553,0.1424090974371836,0.07210866057435178
sub-03,259,0,0.022050451311311555,0.0227917918295702,0.16792951670278236,0.327383513745543,0.024049843244849767,0.43579488316593834
sub-03,260,0,0.18056936015462297,0.3749919387115752,0.003000947935347252,0.0005033128889187293,0.39989953613510903,0.04103490417442772
sub-03,261,1,0.253323191707248,0.14474095719216407,0.016419979814681535,0.2390030888533343,0.3382104977394545,0.008302284693112184
sub-03,262,0,0.38027052618052176,0.5849705177308226,0.0010039044343577981,0.005801863502658699,0.009922551003082439,0.018030637148558064
sub-03,263,0,0.0018324398837923108,0.4695551362930716,5.159426709065998e-05,0.19682466689960987,0.01814045465514102,0.3135957080012967
sub-03,264,0,0.01040818325510067,0.2884570307073685,0.04111258312126964,0.21423042466407155,0.41146631267504313,0.0343254655771435
sub-03,265,0,6.546811078142478e-06,0.00013598883248291837,0.1675302928241994,0.5382033133584565,0.05079010958386362,0.24333374858991727
sub-03,266,1,0.03454578906041502,0.006158636470014784,0.14885234593244806,0.39351124551458816,0.004926629914685181,0.4120053531078455
sub-03,267,0,0.31880218655812376,0.13904003555274305,0.00819987495891771,0.1995054052726041,0.04823379343821077,0.28621870421939916
sub-03,268,0,0.0013450247617972425,0.021712433983077744,0.28481564624548844,0.11609163620103806,0.1530270759443433,0.4230081828642518
sub-03,269,1,0.0008347007018282803,4.892964504689822e-05,0.37596616724792054,0.13172379054472888,0.15688163890293957,0.334544772957537
sub-03,270,0,0.020799930391364255,0.007511774317273326,0.8193030792312315,0.025095624660494933,0.12105877076082053,0.0062308206388161464
sub-03,271,0,0.08089401997531738,0.03684142509917466,0.05958163402740999,0.2840497684943601,0.530697971524433,0.007935180879308059
sub-03,272,0,0.42391729384492516,0.1828849033966951,0.06316532383914615,0.044642872375322044,0.2845506494962077,0.0008389570477033745
sub-03,273,0,0.036549419325269915,0.019875038417139668,0.1639529961158274,0.09438724956541503,0.2773359294734669,0.40789936710288294
sub-03,274,0,0.1505389934243641,0.12394759001309412,0.3933043771842848,0.00016614133139542284,0.10922438844107207,0.2228185096057896
sub-03,275,1,0.5853795831945097,0.2705415408203915,0.000518759183608138,2.437640385116799e-06,0.0004753514095160562,0.14308232775158847
sub-03,276,0,0.0022850103707440675,0.5421145868781261,0.042743775269817826,0.2201021061115494,0.13818599272157017,0.05456852864819282
sub-03,277,0,0.1645803693543152,0.15499305085205145,0.005014183793656738,0.013353790300126738,0.4408568362151796,0.22120176948466824
sub-03,278,1,0.11304566336752614,0.02078233156583115,0.20696990751137473,0.014569128782455707,0.4116583788763691,0.232974589896441
sub-03,279,0,0.009778334359890862,0.3582302851245756,0.19706231860152798,0.023913058984307085,0.05487445382935866,0.35614154910033874
sub-03,280,0,0.03353410894964999,0.019869407891806128,0.10638939794845041,0.2852006607449453,0.013670000919969172,0.5413364235451825
sub-03,281,0,0.1652223839900449,0.23733402721593652,0.0032314365043380035,0.32970363216881554,0.0029271890235235414,0.26158133109733994
sub-03,283,0,0.35485961766265073,0.015056306731847944,0.49124054032181297,1.090425179748536e-05,0.015635627470747083,0.12319700356114827
sub-03,285,0,0.12890021187286507,0.03143886390219332,0.3767158197101124,0.3961904060694773,0.06629970565424086,0.00045499279111348997
sub-03,286,0,0.00012819223530747097,0.1558383970274626,0.023608460247132593,0.5911027153617807,0.025527776624387433,0.20379445850393066
sub-03,287,0,0.24605586763302764,0.024564598285574835,0.07738811666263576,0.1622505720468547,0.31270952376956607,0.17703132160234067
sub-03,288,0,0.0037978241013476507,0.39002589469462823,0.04782377050736693,0.46898820698617366,0.0005609606507251494,0.08880334305975898
sub-03,289,0,0.14871798518401766,0.009451167238666411,0.19900742936811142,0.35448352144358153,0.16167259549460244,0.12666730127101855
sub-03,290,0,0.35508982175661613,0.04102461618795338,0.2752361633678468,0.1366573363965638,0.013162198852225181,0.1788298634387957
sub-03,292,0,0.011917717003588471,0.5679930226916473,0.0017811178889093882,0.03182232735821746,0.22277836721158065,0.1637074478460582
sub-03,293,0,0.0006131141173569709,0.12744726260862774,0.058885282996457775,0.3592685197782973,0.010973463429600941,0.4428123570696589
sub-03,294,1,0.3942587355713626,0.003355173014759803,0.002590827005066051,0.17178954334856403,0.023730269408461846,0.4042754516517845
sub-03,295,0,0.004090063161660531,2.9011926203548583e-06,0.39432182869627863,0.2149884018423395,0.1203295330784895,0.2662672720286134
sub-03,296,0,0.00034530395713748145,0.00028918777651579415,0.0025224937225206885,0.5295525754015098,0.06965862474176407,0.3976318144005533
sub-03,298,0,0.13426129107682738,0.46779415207804625,0.31084059937361463,0.056896699860917534,0.0043035583362041364,0.02590369927439368
sub-03,300,0,0.24468363215536323,0.10034406386341617,0.014468841100124665,0.12052232245185929,0.5169777331658421,0.003003407263386613
sub-03,301,1,0.3992423332703349,0.21785395297975363,0.00010564221956935893,0.2931940474614925,0.0009001089948810813,0.08870391507396855
sub-03,302,0,0.046030167958148356,0.1539856439158338,0.06022384450441366,0.14668473603316473,0.47836903739433195,0.11470657019410886
sub-03,303,1,0.3998773047589471,0.0021314050420722925,0.037342100915128205,0.34091886111716296,0.1936689497881387,0.02606137837855287
sub-03,304,0,0.35428203606337494,0.0299905752916926,0.07703928139623682,0.0016296108713506313,0.05242756348795152,0.4846309328893942
sub-03,305,0,0.00032915797996288667,0.03692060795154173,0.03002133835584446,0.590747754837532,0.28050902659428917,0.06147211428083388
sub-03,307,0,0.41809338131027807,0.020497451834884065,0.057985432562942966,0.07925315621477884,0.13214349051357444,0.29202708756353896
sub-03,308,0,0.036607318951455844,0.15547467204563428,0.00017001681154437661,0.00046215868747433175,0.5856792357738594,0.22160659773003555
sub-03,309,1,0.024966635407703545,0.2514587361208461,0.3882279378767491,0.04422328913952115,0.28449662755086635,0.006626773904312429
sub-03,310,0,0.06390593613134708,0.00047772108207965824,0.5245325614273086,0.06622505938541154,0.26884385239198283,0.07601486958187324
sub-03,311,0,0.00036741371123427083,0.021009549125964023,0.018720323617231464,0.5856618886019849,0.11595178539498442,0.25828903954859833
sub-03,312,1,0.010005473491533015,7.0718703279213385e-06,0.7414622887036653,0.03801327808974192,0.12665950121837635,0.08385238662635797
sub-03,313,0,0.0031918796335661795,0.008102555658271251,0.5797866761116914,0.34216321910046066,0.025749503768926058,0.04100616572708212
sub-03,314,0,0.02192835860957635,0.003732692274201936,0.2568241867010603,0.11929118583814027,0.5758437858827425,0.022379790694277594
sub-03,315,0,0.06890409474813472,0.5424111196601152,0.0022638561341450252,0.03969550385441101,0.06853164138516225,0.27819378421803354
sub-03,316,0,0.3775888630291912,0.16285644565693705,0.0062494126469029455,0.185438066455224,0.01583672739895487,0.25203048481279056
sub-03,317,1,0.397111995437062,0.1307444638594502,0.40523274249878743,3.695294713375124e-05,0.005903888167228899,0.060969957090338346
sub-03,318,0,0.16142609286402188,0.22785997946355932,0.0001315228158865493,0.0007161017363728103,0.11627143157257931,0.49359487154758686
sub-03,319,0,0.3159344075539989,0.0005286882909486656,0.19398400328580548,0.053012752354527445,0.160709972458334,0.27583017605638616
sub-03,320,1,0.038044535053070205,0.0014948301047474895,0.30706568742667595,0.013295476350513868,0.45916689648499553,0.18093257457999487
sub-03,321,0,0.04855507789802216,0.32274664709764544,0.0852475168254428,0.44125355561276025,0.06327587370300898,0.03892132886312349
sub-03,324,0,0.14783949537685326,0.08543883440242142,0.32301087501881864,0.0009755284566749286,0.30779869007033794,0.13493657667489314
sub-03,325,0,0.3773104281312826,0.04613448216268638,0.0025138873567031165,0.5005163834706545,0.011938460919097551,0.06158635795958043
sub-03,326,0,0.6114997829989625,0.018047662938151354,0.05164840041812222,9.781666776704381e-06,0.31871474128276844,7.96306952166629e-05
sub-03,327,0,0.15279360817334936,0.06993304515227934,0.01061701867910807,0.08790682805911354,0.3713562878733104,0.3073932120628376
sub-03,328,0,0.04654582875842672,0.002950454347601466,0.18801441163322496,0.14297487436853998,0.021016592498928947,0.5984978383932754
sub-03,330,0,0.49303759971433336,0.10717774595032839,0.25898255918973956,0.00548060413360471,0.13524939324662766,7.209776536697719e-05
sub-03,331,0,0.0006829531996336033,0.24097212045246827,0.5822787694006362,0.02072062826519439,0.1160400574822536,0.039305471199812064
sub-03,332,1,0.259982360529133,0.027926634865869812,0.019708576633702044,0.03566816912416469,0.262203933697473,0.3945103251496528
sub-03,333,0,0.38729528527590235,0.023311347691006817,0.02339550060543135,0.24163733552679453,0.3046264380068999,0.01973409289396278
sub-03,335,0,0.07296652284449809,0.08118494261419172,0.009318657947171488,0.00037769282892919487,0.28404853876333913,0.5521036450018699
sub-03,336,1,0.19070936193668475,0.005083289764950366,0.21907072118646717,0.20072678971823774,0.3833801323616861,0.001029705031973618
sub-03,337,0,0.01820802082342007,0.02706014546331642,0.30082806087078057,0.014001161652270602,0.25388828191544943,0.386014329274761
sub-03,338,1,0.22258737647162932,0.30762251473210095,0.18143068813542573,0.04530462730866259,0.012418990126355662,0.230635803225823
sub-03,339,0,0.005940440886759633,0.43152253317584677,0.00869239268972573,0.3080748401329045,0.10086617614827552,0.1449036169664856
sub-03,341,0,0.021184454027011773,0.5661206942949715,0.281023503545338,2.318644405436594e-05,0.11794039933011938,0.013707762358503447
sub-03,342,1,0.3864384483397047,0.08390426881098272,0.0116041695673953,0.3240987306041798,0.1937988398780599,0.00015554279967826037
sub-03,343,0,0.14273804595040293,0.005247761271258503,0.10275901735916135,0.36404082049266245,0.018307715816244,0.36690663911026966
sub-03,344,0,0.0004083730156729713,0.0006274108201659298,0.7884447324492068,0.039884107129254595,0.16119079988701765,0.009444576698685356
sub-03,345,1,0.3353816222511307,0.0007289036864395131,0.4087697672584871,0.06549626671284665,0.11991654447181234,0.0697068956192853
sub-03,346,0,0.015659274636491728,6.89613002602191e-05,0.9261892628925265,0.011097547468180884,0.045182810639473284,0.0018021430630636647
sub-03,347,0,0.011476604495542955,0.7225544980435067,0.005755074727569077,0.01032065151947685,0.12920573814896327,0.12068743306494194
sub-03,348,0,0.0015912258128779853,0.3429268096765449,0.237225254316166,0.25146568893550447,0.0007721122727512022,0.1660189089861542
sub-03,349,0,0.0745565840365531,0.06990745939346377,0.008166679179201284,0.020595669891722894,0.040544643366236276,0.7862289641328222
sub-03,350,0,0.00022404884418810657,0.15799440788603336,0.012592093306544554,0.25064672782950376,0.30795957404285124,0.2705831480908768
sub-03,351,0,0.11807978490047932,0.04059330790901485,0.028790317916477636,0.33721495121692796,0.380146354851764,0.09517528320533494
sub-03,352,1,0.00010286458259094991,0.03225129198524804,0.016830834678109186,0.7018020768761213,0.13495945361537837,0.1140534782625557
sub-03,354,0,0.22014240084710526,0.031667725539788756,0.00043912404422526824,0.03728712523757031,0.08839803859574964,0.622065585735559
sub-03,355,0,0.027669389616060545,0.1361419876089772,0.001499992899518882,0.0068327471572459525,0.5312426741054129,0.29661320861278745
sub-03,356,1,0.16667266774737746,0.1108358315108947,0.6850761171950951,0.00016870285009920797,0.01130544552518851,0.025941235171342125
sub-03,357,0,0.23208117928647012,0.594892620259169,0.0010484323477584947,0.00028052668316449233,0.12530910307022083,0.04638813835321696
sub-03,358,0,0.0006830800133708884,0.0034204187231192903,0.3500998994148776,0.2375564618622852,0.1200932544538145,0.2881468855325335
sub-03,359,0,0.29192230475662667,0.016964647238317664,0.20420785059044105,0.3038513747590022,0.09642333174855995,0.08663049090704968
sub-03,360,0,0.0429696131984289,0.3024233021306251,0.04626818573550023,0.037583585576642306,0.23375058511096058,0.33700472824784394
sub-03,361,0,0.4244877520622995,0.0643281698084736,0.08162499864727651,0.22468328892611492,0.10244744643208198,0.10242834412375305
sub-03,362,0,0.0016152804923507326,0.39850424047661986,0.3585485673734792,0.004109290878303501,0.2278670418327578,0.009355578946489227
sub-03,363,0,1.3026326679084725e-05,0.5465516670599992,0.00038713277762430527,0.07510412064619844,0.001433479533483503,0.37651057365601737
sub-03,364,0,0.014083753041674361,0.08566304178599443,0.3377575054059896,0.3462330710811779,0.03878012730301642,0.17748250138214855
sub-03,365,0,0.003331091669967708,0.024331167208230475,0.21871490931841536,0.018828113143619315,0.7042005487435359,0.0305941699162348
sub-03,366,0,0.03566738002587809,0.20635534315718163,0.15048685833170836,0.195051441121555,0.21441920018017468,0.19801977718350006
sub-03,367,0,0.0030970537470251434,0.000998443914391453,0.2812884033477531,0.014513749070733408,0.34965331843373937,0.3504490314863579
sub-03,368,0,0.0029608248883360357,0.246141032980995,0.0008527496856419106,0.28790509586963475,0.13735135481816457,0.32478894175723005
sub-03,369,1,0.36722488874267034,0.010371488436765683,0.563834269666258,0.003058029494902999,0.05031560711497832,0.005195716544427203
sub-03,370,0,0.12393294496697607,0.013356580507779445,0.45686443234791496,0.0001709978324104052,0.012533781816859612,0.39314126252806236
sub-03,371,1,0.011161067372286006,3.600774596812569e-05,0.6410589412568575,0.01114401599151096,0.2140449594988992,0.12255500813447961
sub-03,372,0,0.012683948870216835,0.5415511158107768,0.006437525974197655,0.025124051513755345,0.13424710693704534,0.2799562508940094
sub-03,373,0,0.04289292824728949,0.08318072403686758,0.2209189692091642,0.002965189218054705,0.006207707628993807,0.6438344816596304
sub-03,374,0,0.0015339866370197468,0.03757685455869051,0.4232278228968785,0.4565944820156563,0.015854341849157298,0.0652125120425944
sub-03,375,1,0.3908456925574923,0.5579484722404455,0.0016899583226840514,0.03955711141881839,0.00012559210769058163,0.009833173352866431
sub-03,376,0,0.12861474432523934,0.1869527329142235,0.026728990628251167,0.00042939820602033057,0.49109464816383774,0.166179485762428
sub-03,377,1,0.401708750353722,0.0013145184568865015,0.1952745413380426,0.12027190929969124,0.2788126448298393,0.002617635721817987
sub-03,378,0,0.06403718288518155,0.0030998513043646292,0.02092846087233454,0.07977436538621907,0.3355161475417299,0.4966439920101692
sub-03,379,0,0.1771072431376374,0.2220581610271671,0.5295673251618728,0.0661079716719994,0.00046692250893060516,0.004692376492391886
sub-03,380,0,0.09066208890004038,0.00024873882881984406,0.2869304638506424,0.0001987191680582944,0.2906849430030786,0.33127504624935805
sub-03,381,0,0.00041749775025526977,0.012506068604305602,0.08199521727929787,0.1991154212638535,0.14408487845839066,0.5618809166438964
sub-03,383,1,0.02561636859091996,0.007702447618986961,0.006774501102316741,0.00773395070182645,0.5580392725823379,0.3941334594036147
sub-03,384,0,0.041371807627650206,0.22991597388132895,0.003303171162569283,0.08934323997197408,0.12673464882870913,0.5093311585277722
sub-03,385,0,0.58945017758455,0.0634589937592296,0.004405350736198989,0.0004156353336059399,0.01207121727357052,0.3301986253128451
sub-03,387,0,0.00028231060947816593,0.004544891382278599,0.5060927545393827,0.05523656536640039,0.2667053657776392,0.1671381123248232
sub-03,388,0,0.002933535081656633,0.0027964577711557083,0.5843076384532977,0.08073363974201613,0.10137565598407629,0.2278530729677948
sub-03,389,0,0.012863603231472955,0.01627036404500219,0.5172332991773588,0.11934388564834933,0.17004962354216577,0.16423922435565147
sub-03,390,0,0.013677858157914684,0.20230812790810337,0.05994825773905203,0.28152608225789133,0.11814558514836346,0.324394088788678
sub-03,391,0,0.011062299590263664,0.011697595539617538,0.1531417484589682,0.39832415931465803,0.0961091264186037,0.32966507067788914
sub-03,392,0,0.01734788112893055,0.34472535953607836,0.044998889008501776,0.002583190602440975,0.33547426342096565,0.2548704163030833
sub-03,393,0,1.3219315804114814e-05,0.04497130625442681,0.04834284912468246,0.6310066456461485,0.023174995455706282,0.25249098420323435
sub-03,394,0,0.16800605130857213,0.33138720166468977,0.01185628274443363,0.0002461853516274269,0.4867140564859699,0.0017902224447113547
sub-03,395,0,0.2923848909031394,0.36140944108785944,0.3022518374226883,3.290811556601108e-05,0.030066892206819178,0.013854030263928011
sub-03,397,0,0.0006879588040356549,0.3673203392741421,0.18802088611232634,0.216798904803579,0.14818113425584042,0.07899077675007822
sub-03,398,1,0.038630654292011214,0.026731236303735077,0.11987077575049995,0.009402092523427122,0.37990925972519524,0.42545598140512775
sub-03,399,0,2.060642278111402e-05,0.07056158921030725,0.0017462939949662109,0.33147502035121,0.4226645797025555,0.1735319103181776
sub-03,400,0,0.06832722632217396,0.38933971866296907,0.29976332471250783,0.0018306765779772193,0.06578354605866084,0.17495550766571002
sub-03,401,1,0.00037483268687426923,0.5042567540341607,0.39792059199536106,0.08973474409112436,0.0058580680201899835,0.001855009172288462
sub-03,402,0,0.0037901968384026438,0.0992810130477305,0.0017317308814931408,0.3018184321125882,0.23976641579560978,0.3536122113241771
sub-03,403,1,0.13724441105013307,0.05559993603067969,0.013834319258817814,0.052997031565947005,0.5196615194005054,0.22066278269391248
sub-03,404,0,0.06737959100516207,0.01644965839579624,0.6385147533842465,0.08086031586678656,0.029995909789807904,0.1667997715582022
sub-03,405,0,0.35330037065846404,0.0005122636645344096,0.01655979855362807,0.00027777717780478223,0.11910659885821533,0.5102431910873544
sub-03,406,0,0.019619559085016957,0.5225210143894117,0.004715076325969523,6.399882885941417e-05,0.03223095098665163,0.4208494003840934
sub-03,407,0,0.009668284220912898,0.03278742356739929,0.42876832123151004,0.02998393053520051,0.4987260455162588,6.599492871526686e-05
sub-03,408,1,0.00011385798517210818,0.027023994451495153,0.388308081463259,0.30245688909173235,0.03343421249560008,0.24866296451274336
sub-03,409,1,0.39256113068777854,0.0001980856564433839,0.4770058218783896,4.167140353349513e-05,0.020880335732651988,0.1093129546412005
sub-03,410,0,0.08086280006574134,0.4112855902912129,0.07658282140440029,0.17932139919227352,0.168329963865867,0.08361742518050477
sub-03,412,0,0.0002452158511840921,0.17435818097596012,0.12695154379727805,0.4486308869425244,0.08912124163251134,0.16069293080054203
sub-03,413,1,0.16142057211930422,0.03690932568440028,0.0015168621195577761,0.43850057225873795,0.20675356704202114,0.15489910077597457
sub-03,414,0,0.05584975241489651,0.5948856975308165,0.0001964239673607238,0.00015609657323952425,0.09159100513703353,0.25732102437665083
sub-03,416,0,0.02859368475596555,0.004197498478799963,0.3888328201570085,0.002403012492945963,0.42741258651448133,0.14856039760079556
sub-03,417,0,0.22508556680789424,0.11937164119146751,0.0065242847540095015,0.0025349593588781492,0.2829658054928136,0.363517742394937
sub-03,418,0,0.06051840142987098,0.025938329088030232,0.019105195449888944,0.3775215604215815,0.5106387150411041,0.0062777985695221
sub-03,419,0,0.14851021019425048,0.1924635281765426,0.1255092703620009,8.785672132964484e-05,0.48934791705786346,0.04408121748801053
sub-03,420,0,0.3793791462231274,0.23418311454893534,9.749782623844961e-05,0.0012477034891695403,0.05045660301779119,0.33463593489474136
sub-03,421,0,0.02182285252613484,0.6544073601068224,0.01331293112526366,0.09647348710950569,0.16012823810705545,0.05385513102521548
sub-03,423,1,0.4194909487953356,0.003063774136189897,0.48915637390257294,0.03376895996305118,0.031602749225262294,0.022917193977585085
sub-03,424,0,0.24098270439381478,0.1258081015266119,0.06670607638504969,0.2636680980998727,0.10802497589796058,0.19481004369669194
sub-03,425,0,8.857100597639707e-05,0.01719565198441448,0.15913531810533085,0.33521110445327335,0.002472726704815832,0.4858966277461864
sub-03,426,1,0.40424553094435184,0.0027643338732865974,0.42313102532666375,0.019103338638087768,0.03296136187052608,0.11779440934708162
sub-03,427,0,0.2764275344589135,0.3076766700046205,0.1844594813499404,0.00034030844997434874,0.23001129933052356,0.001084706406029414
sub-03,428,0,0.566219629950914,0.0068362200603918335,0.11136350359949339,1.2459262787524204e-05,0.15601198315572185,0.1595562039706947
sub-03,429,1,0.38588760307762243,0.0018300894737026015,0.18584846064457713,0.3414278672325667,0.0849211816642886,8.479790724058544e-05
sub-03,430,0,0.05087822368854799,0.06311886765644346,0.24321463951219668,0.004144930602621684,0.2252535662144109,0.41338977232577623
sub-05,0,0,0.43886617373926634,0.41668213066475224,0.04186089736326612,0.00029543051570290037,0.10143494858166914,0.0008604191353433323
sub-05,2,0,0.3547398705918851,0.08247343216753329,0.0001141847594371545,0.38516380131073924,0.0023398041026952356,0.17516890706771052
sub-05,3,0,0.42729690834015815,0.003978781713306697,0.4006179565420585,0.002544760785163688,0.16531888800652614,0.00024270461278540445
sub-05,4,1,0.28059890984395885,0.3206250974741283,1.716742449401527e-05,0.0020537892885983174,0.31646052498233096,0.08024451098649284
sub-05,5,0,0.5881586579020252,0.29153840759087696,0.0011177597368413556,0.00013772443380523662,0.11296059079502997,0.006086859541421013
sub-05,6,0,0.29935068264626336,0.05873808667173286,0.06493246295589238,0.00014683580721475288,0.020112489118863448,0.5567194428000369
sub-05,8,0,0.0051911772162801535,0.0003935002766161961,0.30672265442996305,0.06651438238150195,0.029465434030848316,0.591712851664795
sub-05,9,1,0.06393525512588083,0.6362953212781827,0.019009070669173782,0.006727118976222206,0.17611448945762914,0.09791874449291244
sub-05,10,0,0.048142415687384546,0.022082383805916667,0.24735677439843415,0.27658480575526845,0.27211447662606036,0.13371914372693355
sub-05,11,1,0.10700413330395686,0.05535464147698693,0.06326167614601058,0.259676663683693,0.0005488107516251204,0.5141540746377262
sub-05,12,0,0.00369466818779778,0.45748759976301057,0.001145457315153498,0.05104589590492833,0.316465455785826,0.17016092304328678
sub-05,13,0,0.16636532942605178,0.17358529239016549,0.17842610657422725,0.26178121956640166,0.004804238393919108,0.21503781364923233
sub-05,14,0,0.39767177030430434,0.35337418169929574,0.00036844534020985325,0.00013160192260853155,0.03961826252271626,0.20883573821086632
sub-05,15,0,0.31999142305615413,0.004654611739452919,0.3364836099922502,0.2107716769988121,0.09548915838642262,0.03260951982691121
sub-05,16,0,0.00035600176210843945,0.05731617646918382,0.3995607870337569,0.3204998071441881,0.030577264728507643,0.19168996286225612
sub-05,17,0,0.35829297533412446,0.0002076996244977708,0.31077022368322277,0.2871194050917214,0.004386434997504657,0.03922326126893151
sub-05,18,0,0.05133348901751927,0.3166270830452238,0.06454466515888607,0.5346197364161792,0.031668328119220567,0.0012066982429737114
sub-05,19,0,0.025104818465526663,0.0004173519240058643,0.5284324606588658,0.0022658942416528527,0.010518279696827169,0.43326119501312044
sub-05,20,0,0.08180640579838029,0.14469825697792205,0.17877975504591878,0.054160474113128014,0.25562047424355405,0.2849346338210953
sub-05,21,0,0.08369228689479254,0.011998653521756263,0.5383198804172115,0.009240528757453619,0.009309173918222037,0.3474394764905655
sub-05,23,0,0.027821514146876593,0.0013476864708747694,0.17370239038269036,0.08640336971722051,0.061152866951907886,0.6495721723304323
sub-05,24,0,0.054679855198050444,0.0004957153453342381,0.2988171244288071,0.010407888331287633,0.22250923194325828,0.4130901847532649
sub-05,25,0,0.00019250208299402476,0.26656270478049326,0.3625039128470572,0.2374608350055459,8.282978391085828e-05,0.133197215499998
sub-05,26,0,0.004124885011278663,0.594890425832326,0.004827541977176922,0.12294918820976952,0.008912490411182547,0.2642954685582681
sub-05,27,0,0.0006152457762590384,0.13281214528849256,0.027485651107017454,0.19093139941544504,0.06706020181654827,0.5810953565962385
sub-05,28,0,0.0034023740479000347,0.008238339653447016,0.04477314056205667,0.046349094522385156,0.48644745493467995,0.41078959627952993
sub-05,30,0,0.01779216370472022,0.020838010584640417,0.020653337226755993,0.11867679804454814,0.17367583553394073,0.6483638549053946
sub-05,32,0,0.09694495517306627,0.0027865843709727173,0.08102161814037624,0.05884612929677932,0.49677688016466065,0.2636238328541438
sub-05,33,0,0.38378890491661394,0.003881117344616865,0.3488826431608945,0.2484970089116012,0.013321093305414628,0.0016292323608618968
sub-05,34,0,0.034465210945627635,0.3470619562916506,0.2636438315467692,0.005085834873905318,0.32435835706666394,0.025384809275380636
sub-05,35,1,0.25172651893824616,0.21662489824992004,0.01066493352113058,0.0022796665826533614,0.043581579378518046,0.47512240332953115
sub-05,36,0,0.06544333479597901,0.3643326196892474,0.2980309119285946,0.022868248430028555,0.13464858054196813,0.11467630461417845
sub-05,37,0,0.02313136713366408,0.32488677131149035,0.01603820615040702,0.02204444759517242,0.0330790422573126,0.5808201655519514
sub-05,38,1,0.013529538351301003,0.18783485739293315,0.00874158618612506,0.2283517886275376,0.20537518872121574,0.35616704072089295
sub-05,39,0,0.025803320662855126,0.02667687974719099,0.031455204046616336,0.07869929083916784,0.4625744135575975,0.37479089114657144
sub-05,40,0,0.08837028595288254,0.17726053680293463,0.06377641224079479,0.5289029591917165,0.02722364034040658,0.11446616547126881
sub-05,41,0,0.6500829786345994,0.29700072993176196,0.00867567911207132,0.00014461122180025576,0.011107761836731926,0.03298823926303533
sub-05,42,1,0.3293272903970707,0.2684535905574365,0.14588458894665698,7.78698015357761e-05,0.2379926653262961,0.018263994971002027
sub-05,43,0,0.022904544556665643,0.13233457438926488,0.2760219635724791,0.007874263530852679,0.44045665817387303,0.12040799577686596
sub-05,44,0,0.0007342351001378224,0.47699373431692954,0.012228713809361825,0.08467387654249346,0.29144173505121246,0.13392770517986516
sub-05,45,0,0.28961721935317825,0.0024973994255133598,0.23065218948539337,0.0016561721828948146,0.08664405085739889,0.38893296869561816
sub-05,46,0,0.07565165104263304,0.5122587072486194,0.003213999634818084,0.00107684304267721,0.3737550076032083,0.03404379142804237
sub-05,47,0,0.024301020089401482,1.955151026355786e-06,0.794024722480078,0.02420211957947297,0.08601570791090941,0.07145447478911526
sub-05,48,0,0.3996353370329304,0.01143010566207557,0.09482092897002647,0.21065104002481363,6.374523403166329e-06,0.28345621378675107
sub-05,49,0,0.08227499818996932,0.3179314189218491,0.1839263376370057,0.32442182539073877,0.00011147993944109311,0.09133393992099641
sub-05,50,0,0.3750500541566524,0.025070257050899866,0.0001661750296474116,0.5979067957644099,4.650952575457613e-05,0.0017602084726353361
sub-05,52,0,7.931668180043817e-05,0.3862916681549194,0.0003079778839128955,0.21036522751073275,0.2250009326778846,0.17795487709074992
sub-05,53,0,0.20169787178983384,0.12975993520706147,0.033812079098468346,0.00469909407440106,0.44720807487185643,0.18282294495837811
sub-05,54,0,0.27779949108872815,0.05150560713681349,0.0033754374088302533,0.4000796596516203,0.2538564027047581,0.01338340200924904
sub-05,55,0,0.7352328980364852,0.0722937498992277,0.0031660889631978544,4.455514314700482e-05,0.18607627410512495,0.0031864338528153494
sub-05,56,0,0.012152586440890904,0.356347269153957,0.05097671688711576,0.41817500058305035,0.10598662878046491,0.056361798154524675
sub-05,57,0,0.018085949096696072,0.2198643126848864,0.008145948249576622,0.006195269821494107,0.2808546590492037,0.46685386109814686
sub-05,58,1,0.3740033696838514,0.024784390185841658,0.24588242052261203,0.2080013104913637,0.013421721522025448,0.13390678759430488
sub-05,59,0,0.01536997885520134,0.11775249634809633,0.36255770698259654,0.4762944130124462,0.022665803192619762,0.005359601609036596
sub-05,60,0,0.4339977726631353,0.016690303938554786,0.20339979154288984,0.0040040927163826215,0.10149985210011338,0.2404081870389182
sub-05,61,0,0.397148773346393,0.11255207064413068,0.02344374061473413,0.32222097499753505,0.011834855254728651,0.1327995851424773
sub-05,62,0,0.01660816899867352,0.38537858503760397,0.07079063401535524,0.02768723800571999,0.4876214875740137,0.011913886368634378
sub-05,63,0,0.00021015828456390527,0.04928352047354645,0.16195216824179892,0.23509191060141074,0.029473251333092445,0.5239889910655854
sub-05,64,0,0.4011069486542095,0.001319693502553735,0.44656333250070496,0.06580419415856087,7.208986810529111e-05,0.0851337413158675
sub-05,65,0,0.2429257632003352,0.07104413162419683,0.0034018373229706238,0.14509661652564473,0.40691559326958,0.13061605805727314
sub-05,66,0,0.07352098697787478,0.00011341876469122109,0.10847853522806973,0.0021890215750748417,0.3632411991459035,0.4524568383083831
sub-05,68,0,0.006035367168644988,0.05796901689773363,0.003812160616855948,0.25485699740621737,0.012858933675978602,0.6644675242345723
sub-05,69,0,0.3613121639366678,0.003580995143928655,0.1615108901123365,0.0878023906129388,0.08262646087196714,0.3031670993221622
sub-05,71,0,0.14415417409777764,0.12254161429870608,0.3420681801259767,0.3489996519295183,0.027579808361856747,0.014656571186164591
sub-05,72,0,0.5335994741961222,0.00040562902420094335,0.34214419769406507,0.030180086433657192,0.08232920035400207,0.011341412297953095
sub-05,73,0,0.11082129338796946,0.0027352311349260867,0.41378268458069,0.13248368790757736,0.2821546407296246,0.05802246225921239
sub-05,74,0,0.00021447144235175374,0.1796384160729351,0.1761271063196929,0.5047231566756804,0.020012946569691797,0.11928390291964269
sub-05,75,1,0.3983349729572936,0.05111222434107331,0.02679783427426373,0.2600908466063513,0.25936300674498236,0.004301115076035845
sub-05,76,0,0.4041370136471179,0.009074913370620061,0.0774649021912955,0.18730884287387495,0.19615219715211138,0.12586213076497893
sub-05,77,0,0.26905022768883213,0.005094642282271842,0.032843064495706675,0.0029378385136293985,0.5570265697458437,0.13304765727371684
sub-05,79,0,0.26624663979555596,0.5219855960481186,0.0048932730129206195,0.08177876293479461,0.008063317107045415,0.11703241110156443
sub-05,80,0,0.19096932459329172,0.07041331035775368,0.010376276220655439,0.004446891658223211,0.5776904087771403,0.1461037883929326
sub-05,81,0,0.001977033916493614,0.5524179112859782,0.0004511845534405517,0.05589711560300284,0.32082823603744137,0.06842851860364
sub-05,82,0,0.0002161461271448792,0.014641405678255568,0.3459500297927879,0.2763583106140232,0.3475123683466936,0.015321739441096004
sub-05,83,0,0.05758849753760439,0.0754916631638355,0.07175055170344574,0.05577666664597208,0.45520820139014256,0.2841844195589982
sub-05,84,1,0.3812469602258248,0.02362986470526164,0.07593703968314276,0.0015827495577851246,0.3241948651857535,0.1934085206422321
sub-05,85,0,0.4362499250809343,0.41494018090229395,0.0001896447023749263,0.019242798576452485,4.733331603543876e-05,0.12933011742190617
sub-05,86,0,0.11004104277930088,0.3896518426587047,0.06875896667807008,0.008573855462863192,0.2675361232400452,0.155438169181016
sub-05,87,0,0.5976362813654806,0.36940213282031087,0.003233035034090918,0.0056776722224211205,0.009046946146311156,0.015003932411383841
sub-05,89,0,0.3617586841397367,0.003279957299408066,0.21890160734336345,0.013270036709812404,0.05614109014100333,0.3466486243666777
sub-05,90,0,0.23519851949327833,0.10193244882277804,0.009226862574957731,0.0009062719692771865,0.2590635869912263,0.39367231014847903
sub-05,91,0,0.28903075262041766,0.054024500476296124,0.4789873410905056,0.09970614988551693,0.014363025146856596,0.06388823078040395
sub-05,92,0,0.010730281347118899,0.399089257322082,0.46933843401060005,0.005042565492711903,0.10532854757631248,0.010470914251175044
sub-05,93,0,0.013341480736452391,0.17247104328814386,0.09385522643692443,0.36419058529360315,0.0635324542192712,0.2926092100256031
sub-05,94,0,0.24761908289564752,0.22214322400331254,0.017431696031956885,0.38123632683687647,0.12727542616430226,0.004294244067904674
sub-05,96,0,2.8678979226843436e-05,0.08769989140674668,0.11715534542029081,0.5455309958906825,0.0839283700422558,0.16565671826079437
sub-05,97,0,0.2548729131718063,0.025735956957442473,0.2791570968537007,0.00018885551050498757,0.37659953105763416,0.06344564644891437
sub-05,98,0,0.15683407267420613,0.03752167340885145,0.4968550045176218,0.015041544412607785,0.024823287966980523,0.26892441701972997
sub-05,99,0,0.4042037737288001,0.005064036243499012,0.0037217662636435263,0.003333553770925356,0.5809668339678524,0.0027100360252787143
sub-05,101,0,0.7180725346690837,0.08049490053462344,0.0007645661795345237,7.403094600347684e-06,0.05846791687386152,0.142192678648295
sub-05,102,0,0.19410321984492995,0.3577546615602089,0.11619653004377954,0.007661646233275867,0.20736098542298198,0.1169229568948244
sub-05,103,0,0.43384129157739154,0.4579902539534888,0.07415987298387318,0.002953343880082873,0.030935707651731478,0.00011952995343302104
sub-05,104,0,0.38865229982077587,0.2393089583505271,0.0054871161191268605,0.0011052915964080193,0.0074771179342739726,0.35796921617888683
sub-05,105,0,0.4169424414645199,0.357803425108727,0.15144327643397582,6.63100600864806e-05,0.02298976855382543,0.050754778378866695
sub-05,106,0,0.3999159509065116,0.05825897029535419,0.00018389053686185817,0.21994044175190258,0.010713986598070603,0.31098675991130126
sub-05,107,0,0.22101260870687311,0.12350578315320068,0.04957437543707407,0.2539510656849242,0.2972910955960007,0.054665071421930694
sub-05,108,0,0.018301679738180365,0.00873118587180711,0.06763268044004828,0.008084248575369365,0.2369145605964758,0.6603356447781189
sub-05,110,0,0.11244752778172273,0.018318956667586855,0.6993561753555936,0.1009277842635771,0.018113339803708023,0.05083621612781161
sub-05,112,0,0.01872400533378325,0.006241913613536347,0.18824497481023017,0.22021295933678742,0.2006141513181669,0.3659619955874961
sub-05,113,0,0.001408845986286922,0.003465110155726053,0.17717172414410762,0.38271206659812224,0.02106273157553504,0.4141795215402248
sub-05,114,0,0.4332135319552952,0.03357495935717817,0.07014727322948959,0.0009217991721204904,0.44474304495787426,0.017399391328047624
sub-05,115,0,0.42326248797398797,0.016383181387536812,0.0005904212098670845,0.0006439211926510819,0.5563175394920036,0.0028024487439560833
sub-05,116,0,2.650532091363305e-06,0.06310328171279786,0.17209719003233762,0.7403645817348377,6.865534844860744e-05,0.024363640639486785
sub-05,117,0,0.5463969020426026,0.27037700823959704,7.005184994110637e-05,3.539261809839395e-06,0.008571739161732369,0.1745807594443143
sub-05,118,0,0.25955543401005376,0.48834585298507677,0.006405818977302004,0.2280062693549537,0.017418235506276133,0.0002683891663322514
sub-05,119,0,0.5344540977703426,0.09780144816974982,0.028153002792446542,0.0009310740111933811,0.023915330308608748,0.31474504694765737
sub-05,120,0,0.013230365752161057,0.22073086713495238,0.0272248685208664,0.3863869533588941,0.1998370960664875,0.15258984916663956
sub-05,121,0,0.5502367295663713,0.017343381037081124,0.15919905451208546,0.0002166356793644017,0.08627128471267048,0.18673291449242904
sub-05,122,0,0.02561095770667856,0.021537208321218863,0.00014002285460143656,0.28284268122046086,0.11371439837712877,0.5561547315199105
sub-05,123,0,0.0009918758346575385,0.22661087243565972,0.0013856316815110655,0.1844546803761875,0.0006027582229052893,0.5859541814490813
sub-05,124,0,0.3519633497278651,0.1262336259908395,0.012665711647299665,0.007463000449953012,0.35122205566762604,0.15045225651641952
sub-05,125,0,0.16206498486832233,0.0004982480987946502,0.0026004893483553954,0.3182636949516436,0.481339491509464,0.03523309122341462
sub-05,126,0,0.12690296123908051,0.2200994383921088,0.06272460077251214,0.04673420401783305,0.14164127531983262,0.4018975202586328
sub-05,127,0,0.3897139509708481,0.0005749919664329359,0.03885813065596501,0.5605887773548985,0.0035304811731903304,0.006733667878661267
sub-05,128,0,0.06430490136951887,0.31703704862832754,0.07673339146455656,0.3648608270103787,0.059975695901606646,0.11708813562561186
sub-05,129,0,0.44224326246866824,0.15663461174933963,0.19160816532465572,0.16979456235267792,0.0008032450657808366,0.038916153038878694
sub-05,131,0,0.09167178418588023,0.4475926905659119,0.06937482932564615,0.06974154034561268,0.28627149940175767,0.03534765617519511
sub-05,132,0,0.5323576435507351,0.03336269461434238,0.007180696969266081,2.5887693686701456e-05,0.2687208098905862,0.1583522672813842
sub-05,133,0,0.3561284280324061,0.6067206804520311,0.003160541315984256,1.8216101265558093e-05,0.01401442757327149,0.019957706525044524
sub-05,134,0,0.21313840876249912,0.005345193627947532,0.1647760278836854,0.5854451119467574,0.01926088620619143,0.01203437157292169
sub-05,135,0,0.5056204703815426,0.3434588851471225,0.0012873314948768956,0.0011863501522248285,0.00986790490310778,0.13857905792112224
sub-05,136,0,0.10050673880369926,0.3407062713617674,0.039625338743750106,0.16754830356083142,0.21006107671995425,0.14155227081000443
sub-05,137,0,0.10109073052391815,0.0373002489892752,0.2414993382369075,0.19937746175295795,0.06885111065891797,0.3518811098380188
sub-05,138,0,1.995946276709441e-05,0.06799851996815368,0.06088143003972723,0.6500802541100853,0.0036909011334064355,0.21732893528586056
sub-05,139,0,0.004882404305147882,0.1274377763349972,0.4438863599541245,0.32117457061236027,0.005305418440668905,0.09731347035270112
sub-05,140,0,0.00035336942088034584,0.19520566495100888,0.0005081775243028064,0.13546102275534658,0.006815246469807961,0.6616565188786545
sub-05,141,0,0.3621010028679548,0.04100723416820655,0.06343692959145766,0.5165839487875346,0.0113639181910906,0.005506966393757119
sub-05,142,0,0.057124253015061265,0.0464262389216323,0.4238170420195125,0.046691271064717696,0.30283074840171614,0.12311044657735497
sub-05,144,0,0.002283865918416986,0.0006801710774607042,0.18796316048968245,0.4068518946612115,0.3745395288129781,0.027681379040249688
sub-05,145,0,1.1436247864930378e-05,0.35462566668252704,0.0008688098739987972,0.31084931562755935,0.005901493663428427,0.32774327790461893
sub-05,146,0,0.04860384856318365,0.04495728539950202,0.0023513434531475,0.41899747747960964,0.027781221775424216,0.4573088233291308
sub-05,147,0,0.11954724445616989,0.11005698073522052,0.16457279049337828,0.019968871783102485,0.20554077535940005,0.3803133371727322
sub-05,149,0,0.005981821865246323,0.060323250063803895,0.519777537712588,0.024946971457082377,0.03644196287437067,0.3525284560269074
sub-05,150,0,0.00028411528025645296,0.07669401803015657,0.00523114047341682,0.60463428335979,0.3079813429081704,0.005175099948208509
sub-05,151,0,0.27166008636273437,0.24976323023637265,0.13135484287303864,0.002873227197613601,0.03650725315702489,0.307841360173212
sub-05,152,0,1.2245907127819321e-05,0.28418888942584913,0.18051815887971423,0.40571422034729226,0.029987133102197097,0.099579352337821
sub-05,153,1,0.03814681651371351,0.3701675788993721,0.2082471113477607,0.0049118100136897325,0.16397824308382722,0.21454844014163965
sub-05,154,0,1.948941310812847e-05,0.20742160053550882,0.0012118055466620843,0.7490946286077625,0.024224010869742872,0.01802846502721946
sub-05,155,0,0.360544011701182,0.14081850964165973,0.028877082088417293,0.006711056788214847,0.013306215169890853,0.4497431246106361
sub-05,156,0,0.012808741542926128,0.2719993053717208,0.24580985454528634,0.030361358978303592,0.02046366906077191,0.4185570705009952
sub-05,157,0,0.039278883742264896,0.15675961176334183,0.06958901189300026,0.17730230037032077,0.535771871621356,0.021298320609720207
sub-05,158,0,0.005699579831271248,0.00883887047792215,0.4829459132883651,0.09516132752064589,0.012645287293926971,0.39470902158786936
sub-05,160,0,0.38928986120805587,0.011178648926363773,0.24234123673752872,0.1900167672705362,0.07502576713608285,0.09214771872143282
sub-05,161,0,0.08722062921166861,0.2604885211728676,0.0367314823774233,0.018227772772575385,0.014638357561497901,0.5826932369039657
sub-05,162,0,0.4116152716618178,0.014578840744789472,0.1924919717821273,0.016176441205751953,0.0160674875376478,0.3490699870678702
sub-05,163,0,0.7255681399674724,0.019356731917193466,0.04314041849862785,0.0001243717961311644,0.11873431825323871,0.09307601956733468
sub-05,164,0,0.13032931878998857,0.6989234534183613,3.594371263413985e-06,0.057246333626455176,0.06532717229063809,0.04817012750329178
sub-05,165,0,0.6711344552623787,0.09992938570688234,0.010535209937564188,9.426531925002779e-05,0.11132676619620982,0.10697991757771723
sub-05,166,0,0.8916404874455113,0.09841886928948673,0.0015665301807776,5.412572818367229e-07,0.0076374927605506885,0.0007360790663924643
sub-05,167,0,0.02779100168764685,0.0005780135479973346,0.7403576463540743,0.027266954616667227,0.04698890872165392,0.1570174750719572
sub-05,168,0,0.36301551781286573,0.01644798832171408,0.14490773857617517,0.0021993483320049017,0.10416609806466501,0.36926330889257175
sub-05,169,0,0.0018585055403585083,0.009157336000634323,0.023867318592668756,0.04825129822859648,0.5785212410131166,0.33834430062462467
sub-05,171,0,0.054457429340887126,0.011385742988693978,0.17746596916425514,0.009760185675711922,0.38041420133609477,0.3665164714943583
sub-05,172,0,0.17835602317697594,0.20184792009584365,0.15209915712694022,0.001119523818541146,0.169963637923513,0.2966137378581849
sub-05,173,0,0.23920118458319028,0.1465826023109985,0.007157232186113569,0.0009160524010760043,0.11992113345887374,0.48622179505974555
sub-05,174,0,0.328860125223227,0.06977582840035915,0.012478685945282907,0.04538557762206068,0.009466210898730062,0.5340335719103396
sub-05,175,0,0.3613038106183459,0.016022520973502524,0.18155561818800112,0.025633462671373803,0.04706133270628447,0.36842325484249033
sub-05,176,0,0.08225310056927959,0.5031920755438453,0.17797146426687444,0.013277711388606816,0.08572676650538744,0.1375788817260071
sub-05,177,0,0.34591832061658057,0.07591518644533309,0.2897209752267799,0.07652131977045554,0.004335629298763114,0.20758856864208644
sub-05,178,0,0.07983872269640295,0.13393495735227967,0.07367914298362187,0.00934001686083812,0.28575804077008565,0.41744911933677076
sub-05,179,0,0.5307728741670669,0.12606532939431203,0.00391765308535659,0.0023398876690476434,0.19329531623451932,0.14360893944969952
sub-05,180,0,0.2837212370258571,0.06132853619686544,0.00743769909205612,0.00033189776627665167,0.6187880343035265,0.02839259561542003
sub-05,181,0,0.0007530000290568151,0.03923117205242014,0.2643722463208057,0.4429004332844568,0.03951883048151845,0.2132243178317393
sub-05,182,0,0.049784935839791586,0.312738270016761,0.01123777246574952,0.3862087583327672,0.0927741008757196,0.1472561624692095
sub-05,183,0,0.6177768331038246,0.0035846716222758084,0.34792182989492326,0.0015631087269981938,0.0003058589880469563,0.028847697663931023
sub-05,184,0,0.5766783146709344,0.03290705519818774,0.08032821449942602,2.8819689858269027e-05,0.11707032912617178,0.19298726681542297
sub-05,185,0,0.0029265664526757717,0.003852093068900258,0.01311080233546189,0.2237382463905774,0.008472883466922312,0.7478994082854643
sub-05,186,0,0.005988084874169827,0.016790163570820093,0.015120137976083761,0.5000016392978521,0.2317370741690491,0.23036290011202482
sub-05,187,0,0.36696627751775396,0.21828054301369457,0.08378478433444057,0.20317052206256983,0.12679562555308382,0.0010022475184578966
sub-05,188,1,0.07323442019469013,0.14664088532271627,0.013156246009968437,0.02798246455238113,0.46215214151071565,0.276833842409526
sub-05,189,0,0.014061494420280872,0.11982108306044255,0.0071659823620728175,0.07334301549319104,0.36572836443447243,0.41988006022953883
sub-05,191,0,0.35372084907352835,0.08875525444252405,0.1743863266487335,0.0005069130321661003,0.13383280424672442,0.24879785255632508
sub-05,193,0,0.0003532286789085391,0.008747475623107938,0.21656773718148015,0.4966214811621217,0.05135698341591693,0.22635309393846623
sub-05,194,0,0.01274990219365786,0.5425636227653498,0.10448130042273579,0.044374005134107844,0.1252840362428737,0.17054713324127563
sub-05,195,0,0.0001671631856185337,0.07735857293013022,0.06903334267121276,0.44622346114173944,0.023115984090366266,0.38410147598093236
sub-05,196,0,0.0530403254428157,0.3544034395947442,0.03778384698831909,0.0015830149328929682,0.01320576402891998,0.5399836090123108
sub-05,197,0,0.01980351781826278,0.37194057118143453,8.652291404039308e-05,0.5926869330270513,0.013089936701594909,0.002392518357613591
sub-05,199,0,0.42430705157237103,0.44232910064772013,0.01483923396899403,0.006043214431085365,0.08601504830557076,0.026466351074259025
sub-05,200,0,0.00804190578628155,0.20127077468290805,0.00015520419045585526,0.008425873464835674,0.01085441487953196,0.7712518269959856
sub-05,201,0,0.005649983255540997,0.15536782541888944,0.17046496994893054,0.05019420125510189,0.2738562728642528,0.3444667472572827
sub-05,203,0,0.3393109831487652,0.06305974504683223,0.08004573138229365,0.09662817935479855,0.0660881566481605,0.35486720441915626
sub-05,204,0,0.014853752703879881,0.11392823671836566,0.5093245461073994,0.3249699754720899,0.03601381298072297,0.0009096760175404631
sub-05,205,0,0.00032859321471974715,0.31931816388327167,7.497150760843543e-05,0.2766174927511,0.33669831107489223,0.06696246756840683
sub-05,206,0,0.0890022783867877,1.7068809477544978e-05,0.49862881032295925,0.2799468695484921,0.06223266155752102,0.07017231137476294
sub-05,207,0,0.01657630831498493,0.0041279419467909395,0.494731816582805,0.016831816442365238,0.17649564740479032,0.2912364693082681
sub-05,208,0,0.006295644889767941,0.030373593096047178,0.11155459998752353,0.5399665337243753,0.0008501722447668488,0.31095945605751707
sub-05,209,0,0.2444526955859254,0.0011006694766989501,0.33487779664700895,0.11745713504894549,0.04657109471711374,0.25554060852431193
sub-05,210,0,0.33990382077036624,0.16235398090445508,0.0005849022091003632,0.3426575982682699,0.06784223010067773,0.08665746774712828
sub-05,211,0,0.22256215200888915,0.00758522536038526,0.3191845999174864,0.04225210445206451,0.33270587994449113,0.07571003831668217
sub-05,212,0,0.002887340828103842,0.13864788702715924,0.023065136900828436,0.4927612770271604,0.28354209790106116,0.059096260315689604
sub-05,213,0,0.07120871969435634,0.008371025068931207,0.04337594132467962,0.5503928853012342,0.000256442882083163,0.3263949857287136
sub-05,214,0,0.5379822677928924,0.00425265157960171,0.15586407030260707,0.00040417981354340946,0.19541002475455804,0.106086805756801
sub-05,215,0,0.6686010846549002,0.1450756410339788,0.043071350726950106,4.489947848226984e-06,0.09981515407111893,0.04343227956519756
sub-05,216,0,0.024963007938546534,0.09117555269537306,0.054382197918481034,0.43330849651534803,0.28824449354327797,0.10792625138897176
sub-05,217,0,0.39770610404688217,0.017743030369746587,0.0031100801745398386,0.00016229150363099228,0.2771727155366081,0.3041057783685956
sub-05,219,0,0.6583414508597604,0.03933650799414194,0.009492070679931111,0.0001412803138920838,0.14945828265382297,0.1432304074984507
sub-05,220,0,0.07672090295648751,0.4298466626150573,0.06223410201729538,0.02766285329402237,0.16372236033870585,0.23981311877842856
sub-05,221,0,0.8533714963947927,0.08510474262795781,0.05314090978708732,2.3443009347102952e-07,0.008340285934284111,4.233082578678773e-05
sub-05,222,0,6.039084858922996e-05,0.0110641890001439,0.00809758176751624,0.7016130003546127,0.04386022178384907,0.23530461624529306
sub-05,223,0,0.00862658953340624,0.0023969664566561065,0.3234842882608165,0.02444537449136731,0.06690996027572453,0.5741368209820323
sub-05,224,0,0.22403732644026983,0.04430901401376828,0.08600784882451984,0.0028347340683769445,0.1817773874198005,0.4610336892332632
sub-05,225,0,0.02505893849466795,5.2885242358787525e-05,0.2979673626192986,0.024894573594526865,0.05701486325498476,0.5950113767941638
sub-05,226,0,0.11868009791812609,0.02214525459827266,0.0016496668516032184,0.00046260034924343985,0.11515533540084143,0.74190704488191
sub-05,227,0,0.3623443139781842,0.22647603370098338,0.05008524458324164,0.0015749372706127232,0.3534921601722827,0.006027310294696949
sub-05,228,0,0.0006333715041035252,0.537872508509205,0.020982384011391103,0.059025415441538547,0.002958541126623259,0.3785277794071411
sub-05,229,0,0.3824348885803607,0.03654396081449594,0.18099088946276662,0.0071842064454675164,0.07978296775941601,0.3130630869374911
sub-05,230,0,0.052229336588868615,0.2085530258535297,0.5104963316296671,0.09182812229844087,0.08148542494200686,0.055407758687488755
sub-05,231,0,0.3999005417233458,0.013450273182132995,0.0199808230788804,0.054197409066685714,0.0016437532975080347,0.5108271996514466
sub-05,232,0,0.03273983247772351,0.04013496991956792,0.24389502434347743,0.2694829646277832,0.04080192177121397,0.37294528686023093
sub-05,233,0,0.0004927018653295852,0.007936663164890116,0.3367925465135201,0.30140263625001507,0.17203512737372595,0.18134032483252177
sub-05,234,0,0.08147204999345511,0.09464481379439672,0.0002988807188371475,0.37354933496182685,0.025862333368597275,0.42417258716288675
sub-05,235,0,0.05771480791291683,0.006237371044713391,0.014995436659741077,0.38952350306327715,0.016345804133658756,0.5151830771856963
sub-05,236,0,0.0004413454167270591,0.060314531124833135,0.11577616250351185,0.5062952605471633,0.1707747333979932,0.14639796700977134
sub-05,237,0,0.06439204555257275,0.014421621336352509,0.2806332287294498,0.07560830092088182,0.2069898575702865,0.357954945890458
sub-05,238,0,2.194760025108307e-05,0.0019426337397750952,0.02538956300207568,0.5997483897020885,0.11489237041296696,0.2580050955428462
sub-05,239,0,0.34222639339468075,0.06817191594936049,0.03383942962322147,0.01366758779767018,0.49394152359111476,0.04815314964395176
sub-05,240,0,0.2548986917602501,0.10255088677592616,0.0036068354978432433,0.12723161456823395,0.5101207306952816,0.0015912407024655329
sub-05,242,0,0.18554724747699186,0.4001541970183883,0.07297159302393375,0.001550800459681073,0.19451531730133706,0.145260844719667
sub-05,243,0,0.00012127572464667873,0.00015753088525426837,0.006137906210064674,0.5947395764410258,0.0012858249541627597,0.3975578857848463
sub-05,244,0,0.24197696557753906,0.14883228572253815,0.14193996001717663,0.014322482422313735,0.24075827034467231,0.21217003591575798
sub-05,245,0,0.00898818687100689,0.3287400266294507,0.006475686808518839,0.013858401736733297,0.2179381105168248,0.4239995874374681
sub-05,246,0,0.04323694657622085,0.03484819780351589,0.06541078937378579,0.007999507090627859,0.3772079397167392,0.4712966194391074
sub-05,248,0,5.738711348915419e-05,0.08402739528984551,0.01639244161788034,0.7744570107342562,0.09756415227775105,0.027501612966777243
sub-05,249,0,0.20347636792206306,0.47470228509357326,0.025799846658586024,0.0067874445811447765,0.2500597542759037,0.039174301468728655
sub-05,250,0,0.08806969822108893,0.050683907209169404,0.10260945282812564,0.06492490229339702,0.3351856153965207,0.35852642405170015
sub-05,251,0,0.0026542025544790426,0.5177930429560565,2.528010089778061e-05,0.34351421022795403,0.02009727247964772,0.1159159916809674
sub-05,252,0,0.13736910641442146,0.0020455732780467143,0.12483485241753454,0.0006452310166017431,0.5211993630556961,0.2139058738177011
sub-05,253,0,0.10441725256788534,0.11440154558478027,0.47459279851845226,0.006892524776665819,0.013415283138610231,0.28628059541360934
sub-05,254,0,0.1267484481406105,0.616871367674279,0.0017763265447336863,0.0008053417720531207,0.09675908545140788,0.15703943041691834
sub-05,255,0,0.4756735310202031,0.18369621822793827,0.12250712096958341,0.00010866848872116352,0.21607811774501598,0.001936343548534675
sub-05,256,0,0.07885082134451715,0.4058117250709589,0.0106114004411969,0.00037452981223654654,0.1252452032956369,0.3791063200354558
sub-05,257,0,0.021273633333158404,0.1017620415062704,0.10521461928528052,0.18966810905162243,0.06464204606527445,0.5174395507583922
sub-05,258,0,0.221565235760629,0.09895904834124686,0.004253661660692245,0.004859727341663493,0.5543842122664417,0.11597811462932646
sub-05,259,0,0.12251368988540674,0.003963893622336434,0.043728156140103266,0.5690921530322637,0.017384455119692128,0.24331765220019616
sub-05,260,0,0.006014060395991035,0.023506017215630247,0.08341274315599316,0.06028752657039244,0.6766576994484108,0.15012195321358307
sub-05,261,0,0.17684101386530124,0.060174964067496894,0.13502246389582304,0.13806405553023987,0.16735897462930718,0.32253852801182714
sub-05,262,0,0.5326713951262716,0.025903968389292726,0.06199335481200208,0.049643462585345764,0.25052668835213565,0.07926113073495074
sub-05,263,0,0.04828716167578633,0.007860498755740776,0.39773135084873784,0.003859151968655538,0.010861581027932103,0.531400255723148
sub-05,264,0,0.3608991570049158,0.24650891771497027,0.0006813277618708434,0.05005531101386877,0.3403614282405291,0.001493858263842488
sub-05,265,0,0.1680106696812386,0.015368471769015707,0.4167465708462399,0.21842774651212946,0.14670241130367373,0.03474412988769926
sub-05,267,0,0.7777420895895024,0.04109580092940089,0.021919517159079867,6.097287871306344e-06,0.1081568498113714,0.05107964522277276
sub-05,268,0,0.5196254465666608,0.0822968678302358,1.4253357066631197e-05,0.0003756036173625529,0.03665653780384652,0.36103129082482915
sub-05,269,0,0.010806243041937807,0.008014994237038824,0.15317007622044773,0.18441484366315733,0.4251575982083738,0.21843624462904185
sub-05,270,0,0.08098863472437791,0.11187219079636986,0.0031174398319101975,0.004963234281233955,0.6540830923416969,0.14497540802440856
sub-05,271,0,0.6724713372053411,0.0223538911224757,0.09114737307146561,0.00014642321450963845,0.020305529512346626,0.19357544587386208
sub-05,272,0,0.34141960176685243,0.25125760604187425,0.0012945865824452595,0.1037577950560044,0.010731102984268714,0.291539307568555
sub-05,273,0,0.34760452503511685,0.0015436153822788342,0.006585546074252371,0.0001369931438669871,0.4926891235891869,0.15144019677530046
sub-05,274,0,0.19093850254704212,0.011516276872009523,0.06070763743650689,0.47850274449510927,0.09573065182103588,0.1626041868282978
sub-05,275,0,0.6328431464446287,0.003950789636989619,0.0012926326340228329,0.000123726293895071,0.2997625100806343,0.06202719490982815
sub-05,276,0,0.0006601423903085848,0.042151931721703804,0.010121904438634702,0.3448536239016594,0.33228627181415465,0.2699261257335405
sub-05,277,0,0.0683851082703849,0.1479088195404329,0.16733851895012,0.3096453221634378,0.2735657827124245,0.03315644836320072
sub-05,278,0,0.29762368936473665,0.044390511390927506,0.007679132212457776,0.001287280359413208,0.05917516174760846,0.5898442249248548
sub-05,279,0,0.08433042115591403,0.17954997898421274,0.36242082744244614,0.008789958144156501,0.34373158578282287,0.021177228490446554
sub-05,280,0,0.013142309572433654,0.054219306199654545,0.2710255482421801,0.03440751322030385,0.025559055743520336,0.6016462670219074
sub-05,281,0,0.07928008295419377,0.00810793206685788,0.27762991181623065,0.0061395145075223475,0.2895313621066087,0.3393111965485849
sub-05,282,0,0.020247492863675106,0.07830286066229024,0.35153453694675235,0.01715068083741139,0.38439947294527976,0.1483649557445908
sub-05,283,0,0.00011898115038056266,0.0966657262789788,0.46998885140781216,0.4011579224553162,0.021234338386506544,0.010834180321008125
sub-05,284,0,0.010140870899375903,0.0005868048276878966,0.2098605190094227,0.37692488227020493,0.05978195736992913,0.34270496562338176
sub-05,285,0,0.17799174667998505,0.2322336437326986,0.053323888269950284,0.17843783871408267,0.23539189963643795,0.12262098296684322
sub-05,286,0,0.17698645185893214,0.38087743112811867,0.00017344963142735062,0.00014460726292296185,0.42034986446786043,0.021468195650741047
sub-05,287,0,0.0003188883594900657,1.3602027029898046e-05,0.18451396332565584,0.4247172837962253,0.004561005505831461,0.38587525698577085
sub-05,288,0,0.3460394632402396,0.07055144653819294,0.1144861383133188,0.3364870442724586,0.08285054232663429,0.04958536530915506
sub-05,289,0,0.18229978537812963,0.04605195347617358,0.1736362847996003,0.40588339582235394,0.1874112410458779,0.004717339477866958
sub-05,290,0,0.4257151194563174,0.2171629617419565,0.06629836891605269,0.0031323936335482688,0.14192921568184202,0.14576194057027841
sub-05,291,0,0.08252979526506798,0.00042462801953949283,0.5263829184329203,0.000456816042818434,0.008085281717587243,0.3821205605220683
sub-05,292,0,0.0018432660294115115,0.09974774232664226,0.1729116702420942,0.42583934057455713,0.04235071743932562,0.2573072633879671
sub-05,293,0,0.0004187326645944868,0.24667530864108828,0.056881418253803086,0.2887177265826362,0.3519183341810804,0.055388479676797234
sub-05,294,0,0.238397951857306,0.34017504581640373,0.1291421091661945,0.0886888915187826,0.12022935273706269,0.08336664890425374
sub-05,295,0,0.021495890772325655,0.0009149145570100026,0.05859909314435496,0.21931093987064731,0.030693173304515296,0.6689859883511506
sub-05,296,0,0.1340195808145413,0.12576699971878927,0.28600229691866963,0.28359400829732573,0.002299423985525478,0.16831769026515073
sub-05,297,0,0.2577390813527887,3.0819712317077465e-05,0.34848226262175636,0.11052801142121661,0.12180379130402773,0.16141603358788953
sub-05,298,0,0.4017682286992515,0.01646954987931624,0.12450652601912406,0.14166659751699395,0.08505023699444875,0.2305388608908673
sub-05,299,0,0.15294127632809992,0.0031303327078031047,0.366662943921406,0.1452374808415714,0.057033836310732625,0.2749941298903832
sub-05,300,0,0.5425219034273315,0.3802569924369142,0.012331171203388077,0.019182752915722644,0.043395877184282575,0.0023113028323638618
sub-05,301,0,0.518733337501217,0.08780353155142541,0.06060934799852217,0.0001296718763822024,0.3260157630358747,0.0067083480365818186
sub-05,302,0,0.09318164519036533,0.5021998956014505,0.10279246707000574,0.2935720528275536,0.003324839735783503,0.004929099574842574
sub-05,303,0,0.1442594113358993,0.0007465152396314075,0.05396196320073173,0.0004661817422119939,0.4050902718909433,0.39547565659058154
sub-05,304,0,0.07085537125115482,0.11176818344852213,0.005749561092721257,0.5776873992060526,0.21278054613684874,0.021158938864699862
sub-05,305,0,0.008450822598510996,0.04986480105040659,0.033569008200013094,0.1467128155410537,0.39132423299493735,0.3700783196150784
sub-05,306,0,0.23883216287494333,0.004285474882197424,0.5584917761415417,0.0004908946982575547,0.19598376910914522,0.0019159222939155232
sub-05,307,0,0.2868614007581007,0.003728599376493782,0.4612737610889676,0.013696458160411703,0.11268588298365878,0.12175389763236724
sub-05,308,0,0.3575104476097465,0.025132590870483855,0.009725446325917295,0.0362767478587838,0.017572307370589,0.5537824599644794
sub-05,309,0,0.5222682448543244,0.016310595159812525,0.18608502660485296,5.176507120914909e-05,0.061335223706492276,0.21394914460331013
sub-05,310,0,0.4315666822749118,0.06680931047004286,0.08948693012207676,0.0003188077355317503,0.31229819166774064,0.09952007772969303
sub-05,311,0,0.3645275866480147,0.3575192449257331,0.15835716994510643,0.08167173944241438,0.029736699245360335,0.00818755979336761
sub-05,312,0,0.39848174652498186,0.0016160619687926026,0.3489747466849455,0.24858453913179354,0.000336956926676332,0.002005948762810613
sub-05,313,0,0.35755804638374544,0.07567069409096484,0.07863613862919583,0.00625055332474211,0.47288190744966496,0.009002660121686431
sub-05,314,0,0.023571710016621453,0.3783521814592407,0.3685564117665016,0.06090432147861734,0.005652722749643778,0.16296265252937664
sub-05,315,0,0.142146568414127,0.36566765357393505,0.02676630550117738,0.1240674989318844,0.16597499528140652,0.17537697829746599
sub-05,316,0,0.4648555939538057,0.1116108018481652,0.04169701160891632,0.0001131263180120762,0.3590803852962583,0.022643080974841263
sub-05,317,0,0.4101119685928195,0.0043894403772956605,0.46209886482153745,0.0037741740231706953,0.009798737003782159,0.10982681518139446
sub-05,318,0,0.14691846506445758,0.012626197230379027,0.00353322452981291,0.2133478657038002,0.35196501798428337,0.27160922948726585
sub-05,319,0,0.0002986347621503685,0.07098097357814398,0.4481614330535919,0.07911684924731342,0.0027148485412796463,0.3987272608175198
sub-05,320,0,0.3472686763653355,0.4525168255087109,0.023861077592962875,0.00018131408197067238,0.1606975267970028,0.015474579654018673
sub-05,322,0,0.8751155016265695,0.0027088319215333332,0.03397049240991117,5.798126374860166e-07,0.01960179256215496,0.06860280166719433
sub-05,323,0,0.26317807816149763,0.017889994993139622,0.00215367057241627,0.00012848579337780064,0.002933727067355355,0.7137160434122142
sub-05,324,0,0.4397660608746577,0.03485788254489414,0.003175672657822155,0.00017752243024834034,0.4730934330696934,0.04892942842268314
sub-05,325,0,0.18626704367289393,0.2262087530898396,0.016406658518170875,0.0006800818143444627,0.1780517919730116,0.39238567093173377
sub-05,326,0,0.13868352126055333,0.06551416402195158,0.09827550637544312,0.0009853052607904946,0.6223247831237438,0.0742167199575149
sub-05,327,0,0.2422316171808916,0.2716138731617346,0.11204531216682362,0.07547591887557181,0.027420766567657125,0.2712125120473249
sub-05,328,1,0.26349972392540416,0.07201918492852259,0.0015513404372436228,0.09505586741231964,0.023402359423648173,0.5444715238728642
sub-05,329,0,0.24158454979329613,0.00442745720761561,0.000244093850468586,0.3409131444856593,0.2562302481186361,0.15660050654432328
sub-05,330,0,0.008425052355372683,0.41523890171389705,0.2659965403982945,0.20918530261160304,0.03489818758039104,0.06625601534043933
sub-05,331,0,0.021044702897033026,0.37911766630219995,0.10299712817057284,0.08717773437266987,0.27480771951787797,0.13485504873964654
sub-05,332,0,0.44972269627674044,0.02082262071569565,0.042588319647892885,0.00038309379084673986,0.1225777668940064,0.36390550267481736
sub-05,333,0,0.055235013270857045,0.23317083429613059,0.15595144561927868,0.16919943561179057,0.01071436259379895,0.37572890860814256
sub-05,334,0,0.002737066012167797,0.055267101215483116,0.030586403921716875,0.42437236979559173,0.05627753605779743,0.4307595229972481
sub-05,335,0,0.42613682231240285,0.000496016380173145,0.0025034600300571715,0.002576402323166594,0.10507687778617532,0.4632104211680293
sub-05,336,0,0.39268280820988516,0.02543339554817425,0.003707602752881319,0.024964195856367204,0.09983761692218995,0.4533743807104999
sub-05,337,0,0.0061557697905854645,0.5225167387207652,0.07046991122094201,0.007742555158701463,0.38056642355195763,0.012548601557047227
sub-05,338,0,0.01169327161140991,0.40504432122497974,0.0011387664070569698,0.00945352096369709,0.07959804286656842,0.4930720769262904
sub-05,339,0,0.010469942774591947,0.08406550205536284,0.5255207484874129,0.13960891745342605,0.003929046921265534,0.23640584230794098
sub-05,340,0,0.006786323785216383,0.19257101877893867,0.09187743208993225,0.3168685744461499,0.3913157641121842,0.0005808867875825642
sub-05,341,0,0.029119840745718144,0.20288752347692315,0.08922173261050792,0.11640340447420944,0.3572707548197838,0.20509674387286178
sub-05,342,0,0.335558162327872,0.06150297531678319,0.4077015195525489,0.18007366289080942,0.009326253445458002,0.005837426466528486
sub-05,343,0,0.16265068503592994,0.07865904660868045,0.559173755438069,0.004786286366468034,0.0001965286769250029,0.19453369787392769
sub-05,344,0,0.0032578572659341474,0.004126228741772314,0.3414763436892458,0.05934378764051996,0.5027665070885419,0.08902927557398453
sub-05,346,0,0.3731488998277797,0.05103051149412867,0.31717250511489986,0.19293904124614256,0.002193014974302365,0.0635160273427477
sub-05,347,0,0.39500843752438203,0.05468788706122016,0.17930159223571482,0.0011695925238973865,0.28103595880206195,0.08879653185272524
sub-05,348,0,0.5558757661882895,0.04442610604746272,3.847341247928344e-05,0.00013034423011548633,0.0026970650425054126,0.3968322450791486
sub-05,349,0,0.0262198635728486,0.02707540233606779,0.24630460102376164,0.033855359614827406,0.054451774143314036,0.6120929993091822
sub-05,350,0,0.042088673074158846,0.5810694831313776,0.18026600430058487,0.00012877069539979688,0.12895804976644773,0.06748901903203437
sub-05,351,0,0.15439254411507,0.02856592469827884,0.22015223280411514,0.014775719032215057,0.5649786356787923,0.01713494367152944
sub-05,352,0,0.2610136489507582,0.000803611248931879,0.3114623282432711,0.2636480902915965,0.028787392960597513,0.1342849283048417
sub-05,353,0,0.0481142705172089,0.06283937609771335,0.013883846487805197,0.08062387496973858,0.22258233754146559,0.5719562943860683
sub-05,354,0,0.053142373998400036,0.2905753988734593,0.003559051888155687,0.01807951728563441,0.03189690470949334,0.6027467532448588
sub-05,355,0,0.11682952759010093,0.012670820407229754,0.3686960831048039,0.1996634339913819,0.04862203341101512,0.25351810149546783
sub-05,356,0,0.10163303138397166,0.2997322514000357,0.036481088917580576,0.0868935255085533,0.1892691171050216,0.28599098568483583
sub-05,357,0,0.005322782793016261,0.007564814671434068,0.03248219462494284,0.6196991158013663,0.017379061319118982,0.3175520307901216
sub-05,359,0,0.0024943907950548748,0.2943142787277391,0.15911176563670226,0.23023178283795775,0.012686823798280056,0.30116095820426364
sub-05,360,0,0.04792414879036763,0.01134560237447645,0.018637882355710563,0.5940980900036793,0.1317218039227493,0.1962724725530167
sub-05,361,0,0.4843672781505843,0.10709856521990928,0.006998498016563862,0.011555598547431937,0.367163180868548,0.022816879196959617
sub-05,362,0,0.3632551132454284,0.009018343232634653,0.5586400845667855,0.0072654510445568,0.031231189296434193,0.030589818614161678
sub-05,363,0,0.3551885499958383,0.15752968660641484,0.009656453403200801,0.04476411414837185,0.08888352786385303,0.3439776679823228
sub-05,364,0,0.34178953143550383,0.0012429569592647878,0.14891750741654197,0.03224064019307259,0.30519113792769637,0.17061822606791652
sub-05,365,0,0.5803002240899201,0.04152600148669763,0.008310072627829245,0.08557816006522516,0.2741843507418104,0.010101190988515425
sub-05,366,0,0.03412531263770911,0.2643364709186583,0.14257334016345313,0.30368489181341174,0.06382850050618341,0.19145148396058473
sub-05,368,0,0.5149193265772075,0.36729785243296414,0.0004287661245182357,0.0006369610648148368,0.022871201798028158,0.09384589200247029
sub-05,369,0,0.6005249503227917,0.0738828035486525,0.03770754813389239,6.938999749415705e-05,0.05816150842801896,0.22965379956914778
sub-05,370,0,0.0007479984359492622,0.013791476840935383,0.03197703316307226,0.23538342334118373,0.2392658458254571,0.4788342223934009
sub-05,371,0,0.0310654190939769,0.5638701869585537,0.3968970220522546,0.006567468806333345,0.0005975239999538565,0.0010023790889282568
sub-05,373,0,0.21718750969238984,0.11108409033487522,0.24597497856780118,0.04565126133165877,0.33418474798048564,0.0459174120927899
sub-05,374,0,0.11179944957510406,0.04522123302776236,0.25367057593486875,0.15763630410331525,0.4227537297109882,0.008918707647957168
sub-05,375,0,0.6726378766276637,0.11841487092391159,0.00480397039884146,4.2751825132536285e-06,0.06331729731921637,0.14082170954785092
sub-05,376,0,0.577012449152696,0.021051169076438645,0.03369653786927792,0.34320055047719916,0.00033884510139148944,0.024700448322997986
sub-05,377,0,0.013406085123646138,0.16484891092683412,0.1414805642817002,0.21412463550554905,0.22109563834139118,0.24504416582088018
sub-05,378,0,0.27794029683609767,0.15754172979190695,0.031057407373227132,0.2019733256051934,0.1612020560821551,0.17028518431141973
sub-05,379,0,0.0653047748960997,0.021653050951272533,0.01903439226909366,0.30777443533514026,0.16113253320270365,0.4251008133456902
sub-05,380,0,0.044302146222404214,0.001940562161617416,0.5888216113206107,0.0005396530941643296,0.23417679227966498,0.13021923492153772
sub-05,381,0,0.011362119313367386,0.21311794706378073,0.4005357924941453,0.01881035087108071,0.16794630779806372,0.1882274824595614
sub-05,382,0,0.5297331897666625,0.11722447459893082,0.004598468314781441,0.17741483482519974,0.023420372205217112,0.14760866028920597
sub-05,383,0,0.03390316060216988,0.3142490496368783,0.21283160356585304,0.11448350790939474,0.17377781107114734,0.1507548672145591
sub-05,384,0,0.44307337854600237,0.03380445923337142,0.440390121042095,0.0036857996111094287,0.047713436777185106,0.03133280479023579
sub-05,385,0,0.41146911349812104,0.016402413755165324,0.2956636057751832,0.06357608865689565,0.05545062793928683,0.15743815037534645
sub-05,386,0,0.12526414393103003,0.12863388615697574,0.0695385637885421,0.026343533900792547,0.09855941855259086,0.5516604536700702
sub-05,387,0,0.5970082288769899,0.004704504675482935,0.002621700809021948,0.007515975025997855,0.00704431445181434,0.38110527616069273
sub-05,388,0,0.38006944936605735,0.016234501311019254,0.04610748326280366,0.38283626773398843,0.0001661140620172605,0.17458618426411704
sub-05,389,0,0.195295844417332,0.0001254424415184114,0.3846275742743052,0.26795800559575167,0.15110378555390575,0.0008893477171890673
sub-05,390,0,9.013554470424711e-06,0.26059454783353386,0.02030757077192225,0.3608663792939562,0.3388392457678697,0.019383242778249935
sub-05,391,0,0.00019966043312172357,0.32968524728978504,0.3261013513970652,0.16971485009125434,0.026693740457813104,0.1476051503309644
